<?xml version="1.0" encoding="UTF-8"?>
<gpx creator="Garmin Connect" version="1.1"
  xsi:schemaLocation="http://www.topografix.com/GPX/1/1 http://www.topografix.com/GPX/11.xsd"
  xmlns:ns3="http://www.garmin.com/xmlschemas/TrackPointExtension/v1"
  xmlns="http://www.topografix.com/GPX/1/1"
  xmlns:xsi="http://www.w3.org/2001/XMLSchema-instance" xmlns:ns2="http://www.garmin.com/xmlschemas/GpxExtensions/v3">
  <metadata>
    <name>Chicago Marathon 2026</name>
    <link href="connect.garmin.com">
      <text>Garmin Connect</text>
    </link>
    <time>2026-09-27T03:29:28.000Z</time>
  </metadata>
  <wpt lat="41.884429" lon="-87.637054">
    <ele>0.0</ele>
    <name>HM 21.1KM</name>
    <cmt>HM 21.1KM</cmt>
    <type>GENERIC</type>
  </wpt>
  <trk>
    <name>Chicago Marathon 2026</name>
    <trkseg>
      <trkpt lat="41.88075696118176" lon="-87.6207088585943">
        <ele>181.6</ele>
      </trkpt>
      <trkpt lat="41.88106122426689" lon="-87.62068228796124">
        <ele>181.59</ele>
      </trkpt>
      <trkpt lat="41.881365487352014" lon="-87.62065571732819">
        <ele>181.23</ele>
      </trkpt>
      <trkpt lat="41.88166966661811" lon="-87.6206290628761">
        <ele>180.76</ele>
      </trkpt>
      <trkpt lat="41.881973929703236" lon="-87.62060240842402">
        <ele>180.38</ele>
      </trkpt>
      <trkpt lat="41.88227819278836" lon="-87.62057583779097">
        <ele>180.03</ele>
      </trkpt>
      <trkpt lat="41.88258497044444" lon="-87.62054893188179">
        <ele>179.71</ele>
      </trkpt>
      <trkpt lat="41.88288730569184" lon="-87.62055253610015">
        <ele>179.22</ele>
      </trkpt>
      <trkpt lat="41.883189640939236" lon="-87.62055614031851">
        <ele>178.69</ele>
      </trkpt>
      <trkpt lat="41.88349197618663" lon="-87.62055974453688">
        <ele>178.24</ele>
      </trkpt>
      <trkpt lat="41.88379431143403" lon="-87.62056326493621">
        <ele>177.9</ele>
      </trkpt>
      <trkpt lat="41.88409664668143" lon="-87.62056686915457">
        <ele>177.62</ele>
      </trkpt>
      <trkpt lat="41.884398981928825" lon="-87.62057047337294">
        <ele>177.41</ele>
      </trkpt>
      <trkpt lat="41.88470131717622" lon="-87.6205740775913">
        <ele>177.24</ele>
      </trkpt>
      <trkpt lat="41.88500373624265" lon="-87.62057759799063">
        <ele>177.12</ele>
      </trkpt>
      <trkpt lat="41.88530607149005" lon="-87.620581202209">
        <ele>177.02</ele>
      </trkpt>
      <trkpt lat="41.88560840673745" lon="-87.62058480642736">
        <ele>176.96</ele>
      </trkpt>
      <trkpt lat="41.885910741984844" lon="-87.62058841064572">
        <ele>176.89</ele>
      </trkpt>
      <trkpt lat="41.88621307723224" lon="-87.62059193104506">
        <ele>176.79</ele>
      </trkpt>
      <trkpt lat="41.88651541247964" lon="-87.62059553526342">
        <ele>176.77</ele>
      </trkpt>
      <trkpt lat="41.88681774772704" lon="-87.62059913948178">
        <ele>176.78</ele>
      </trkpt>
      <trkpt lat="41.887120082974434" lon="-87.62060274370015">
        <ele>176.82</ele>
      </trkpt>
      <trkpt lat="41.88742241822183" lon="-87.62060626409948">
        <ele>176.88</ele>
      </trkpt>
      <trkpt lat="41.887731961905956" lon="-87.62060995213687">
        <ele>176.97</ele>
      </trkpt>
      <trkpt lat="41.888043098151684" lon="-87.6205772627145">
        <ele>177.06</ele>
      </trkpt>
      <trkpt lat="41.88835423439741" lon="-87.6205444894731">
        <ele>177.16</ele>
      </trkpt>
      <trkpt lat="41.88866537064314" lon="-87.62051180005074">
        <ele>177.17</ele>
      </trkpt>
      <trkpt lat="41.888976506888866" lon="-87.62047902680933">
        <ele>177.41</ele>
      </trkpt>
      <trkpt lat="41.88928755931556" lon="-87.62044633738697">
        <ele>177.68</ele>
      </trkpt>
      <trkpt lat="41.88959869556129" lon="-87.62041356414557">
        <ele>177.97</ele>
      </trkpt>
      <trkpt lat="41.88990983180702" lon="-87.6203808747232">
        <ele>178.31</ele>
      </trkpt>
      <trkpt lat="41.890220968052745" lon="-87.6203481014818">
        <ele>178.57</ele>
      </trkpt>
      <trkpt lat="41.89053595997393" lon="-87.62031499296427">
        <ele>178.83</ele>
      </trkpt>
      <trkpt lat="41.89082957804203" lon="-87.62031021527946">
        <ele>179.13</ele>
      </trkpt>
      <trkpt lat="41.8911231122911" lon="-87.62030543759465">
        <ele>179.34</ele>
      </trkpt>
      <trkpt lat="41.8914167303592" lon="-87.62030074372888">
        <ele>179.52</ele>
      </trkpt>
      <trkpt lat="41.8917119409889" lon="-87.62029596604407">
        <ele>179.67</ele>
      </trkpt>
      <trkpt lat="41.891705486923456" lon="-87.62071581557393">
        <ele>179.79</ele>
      </trkpt>
      <trkpt lat="41.891699032858014" lon="-87.62113574892282">
        <ele>179.87</ele>
      </trkpt>
      <trkpt lat="41.89169257879257" lon="-87.62155559845269">
        <ele>179.93</ele>
      </trkpt>
      <trkpt lat="41.89168612472713" lon="-87.62197553180158">
        <ele>179.95</ele>
      </trkpt>
      <trkpt lat="41.89167967066169" lon="-87.62239538133144">
        <ele>179.95</ele>
      </trkpt>
      <trkpt lat="41.891673216596246" lon="-87.62281531468034">
        <ele>179.93</ele>
      </trkpt>
      <trkpt lat="41.891666762530804" lon="-87.6232351642102">
        <ele>179.9</ele>
      </trkpt>
      <trkpt lat="41.89166030846536" lon="-87.6236550975591">
        <ele>179.76</ele>
      </trkpt>
      <trkpt lat="41.89165385439992" lon="-87.62407494708896">
        <ele>179.69</ele>
      </trkpt>
      <trkpt lat="41.89164740033448" lon="-87.62449479661882">
        <ele>179.61</ele>
      </trkpt>
      <trkpt lat="41.891640946269035" lon="-87.62491472996771">
        <ele>179.52</ele>
      </trkpt>
      <trkpt lat="41.89163449220359" lon="-87.62533457949758">
        <ele>179.44</ele>
      </trkpt>
      <trkpt lat="41.89162803813815" lon="-87.62575451284647">
        <ele>179.36</ele>
      </trkpt>
      <trkpt lat="41.89162158407271" lon="-87.62617436237633">
        <ele>179.28</ele>
      </trkpt>
      <trkpt lat="41.89161513000727" lon="-87.62659429572523">
        <ele>179.2</ele>
      </trkpt>
      <trkpt lat="41.891608675941825" lon="-87.62701414525509">
        <ele>179.13</ele>
      </trkpt>
      <trkpt lat="41.89160222187638" lon="-87.62743407860398">
        <ele>179.07</ele>
      </trkpt>
      <trkpt lat="41.89159576781094" lon="-87.62785392813385">
        <ele>179.02</ele>
      </trkpt>
      <trkpt lat="41.8915893137455" lon="-87.62827377766371">
        <ele>178.97</ele>
      </trkpt>
      <trkpt lat="41.89158285968006" lon="-87.6286937110126">
        <ele>178.93</ele>
      </trkpt>
      <trkpt lat="41.891576405614614" lon="-87.62911356054246">
        <ele>178.89</ele>
      </trkpt>
      <trkpt lat="41.89156995154917" lon="-87.62951195240021">
        <ele>178.86</ele>
      </trkpt>
      <trkpt lat="41.89127122052014" lon="-87.6295124553144">
        <ele>178.86</ele>
      </trkpt>
      <trkpt lat="41.89097240567207" lon="-87.62951304204762">
        <ele>178.9</ele>
      </trkpt>
      <trkpt lat="41.89067367464304" lon="-87.62951354496181">
        <ele>178.9</ele>
      </trkpt>
      <trkpt lat="41.890374943614006" lon="-87.629514047876">
        <ele>178.89</ele>
      </trkpt>
      <trkpt lat="41.89007612876594" lon="-87.62951463460922">
        <ele>178.9</ele>
      </trkpt>
      <trkpt lat="41.88977739773691" lon="-87.62951513752341">
        <ele>178.91</ele>
      </trkpt>
      <trkpt lat="41.88947866670787" lon="-87.6295156404376">
        <ele>178.93</ele>
      </trkpt>
      <trkpt lat="41.88917985185981" lon="-87.62951622717083">
        <ele>178.95</ele>
      </trkpt>
      <trkpt lat="41.888881120830774" lon="-87.62951673008502">
        <ele>178.94</ele>
      </trkpt>
      <trkpt lat="41.88858238980174" lon="-87.6295172329992">
        <ele>178.92</ele>
      </trkpt>
      <trkpt lat="41.888283574953675" lon="-87.6295177359134">
        <ele>178.91</ele>
      </trkpt>
      <trkpt lat="41.88798484392464" lon="-87.62951832264662">
        <ele>179.0</ele>
      </trkpt>
      <trkpt lat="41.88768611289561" lon="-87.62951882556081">
        <ele>179.04</ele>
      </trkpt>
      <trkpt lat="41.88738729804754" lon="-87.629519328475">
        <ele>179.14</ele>
      </trkpt>
      <trkpt lat="41.88708856701851" lon="-87.62951991520822">
        <ele>179.5</ele>
      </trkpt>
      <trkpt lat="41.886789835989475" lon="-87.62952041812241">
        <ele>179.94</ele>
      </trkpt>
      <trkpt lat="41.886483980342746" lon="-87.6295209210366">
        <ele>180.24</ele>
      </trkpt>
      <trkpt lat="41.88617921434343" lon="-87.62951681390405">
        <ele>180.41</ele>
      </trkpt>
      <trkpt lat="41.88587453216314" lon="-87.62951262295246">
        <ele>180.58</ele>
      </trkpt>
      <trkpt lat="41.885569766163826" lon="-87.62950843200088">
        <ele>180.71</ele>
      </trkpt>
      <trkpt lat="41.88526508398354" lon="-87.62950424104929">
        <ele>180.87</ele>
      </trkpt>
      <trkpt lat="41.88496031798422" lon="-87.6295000500977">
        <ele>181.03</ele>
      </trkpt>
      <trkpt lat="41.88465563580394" lon="-87.62949585914612">
        <ele>181.17</ele>
      </trkpt>
      <trkpt lat="41.88435086980462" lon="-87.62949166819453">
        <ele>181.3</ele>
      </trkpt>
      <trkpt lat="41.884046187624335" lon="-87.62948756106198">
        <ele>181.42</ele>
      </trkpt>
      <trkpt lat="41.88374142162502" lon="-87.62948337011039">
        <ele>181.52</ele>
      </trkpt>
      <trkpt lat="41.88343673944473" lon="-87.6294791791588">
        <ele>181.64</ele>
      </trkpt>
      <trkpt lat="41.88313205726445" lon="-87.62947498820722">
        <ele>181.75</ele>
      </trkpt>
      <trkpt lat="41.88282729126513" lon="-87.62947079725564">
        <ele>181.8</ele>
      </trkpt>
      <trkpt lat="41.882522609084845" lon="-87.62946660630405">
        <ele>181.84</ele>
      </trkpt>
      <trkpt lat="41.88221784308553" lon="-87.62946241535246">
        <ele>181.85</ele>
      </trkpt>
      <trkpt lat="41.88191316090524" lon="-87.62945822440088">
        <ele>181.85</ele>
      </trkpt>
      <trkpt lat="41.881608394905925" lon="-87.62945411726832">
        <ele>181.84</ele>
      </trkpt>
      <trkpt lat="41.88130371272564" lon="-87.62944992631674">
        <ele>181.8</ele>
      </trkpt>
      <trkpt lat="41.88099894672632" lon="-87.62944573536515">
        <ele>181.71</ele>
      </trkpt>
      <trkpt lat="41.88069426454604" lon="-87.62944154441357">
        <ele>181.66</ele>
      </trkpt>
      <trkpt lat="41.88038949854672" lon="-87.62943735346198">
        <ele>181.59</ele>
      </trkpt>
      <trkpt lat="41.880084816366434" lon="-87.6294331625104">
        <ele>181.53</ele>
      </trkpt>
      <trkpt lat="41.87978005036712" lon="-87.62942897155881">
        <ele>181.45</ele>
      </trkpt>
      <trkpt lat="41.87947536818683" lon="-87.62942486442626">
        <ele>181.38</ele>
      </trkpt>
      <trkpt lat="41.879170602187514" lon="-87.62942067347467">
        <ele>181.29</ele>
      </trkpt>
      <trkpt lat="41.87886592000723" lon="-87.62941648252308">
        <ele>181.22</ele>
      </trkpt>
      <trkpt lat="41.87856115400791" lon="-87.6294122915715">
        <ele>181.14</ele>
      </trkpt>
      <trkpt lat="41.87824498862028" lon="-87.62940793298185">
        <ele>181.08</ele>
      </trkpt>
      <trkpt lat="41.878243228420615" lon="-87.62979601509869">
        <ele>181.02</ele>
      </trkpt>
      <trkpt lat="41.87824155203998" lon="-87.6301840133965">
        <ele>180.97</ele>
      </trkpt>
      <trkpt lat="41.878239791840315" lon="-87.63057209551334">
        <ele>180.93</ele>
      </trkpt>
      <trkpt lat="41.87823811545968" lon="-87.63096017763019">
        <ele>180.89</ele>
      </trkpt>
      <trkpt lat="41.878236355260015" lon="-87.631348175928">
        <ele>180.87</ele>
      </trkpt>
      <trkpt lat="41.87823467887938" lon="-87.63173625804484">
        <ele>180.79</ele>
      </trkpt>
      <trkpt lat="41.878232918679714" lon="-87.63211796991527">
        <ele>180.79</ele>
      </trkpt>
      <trkpt lat="41.87854187563062" lon="-87.63215024024248">
        <ele>180.8</ele>
      </trkpt>
      <trkpt lat="41.87885074876249" lon="-87.63218251056969">
        <ele>180.9</ele>
      </trkpt>
      <trkpt lat="41.87915970571339" lon="-87.63221486471593">
        <ele>180.93</ele>
      </trkpt>
      <trkpt lat="41.87946857884526" lon="-87.63224713504314">
        <ele>180.97</ele>
      </trkpt>
      <trkpt lat="41.879777535796165" lon="-87.63227940537035">
        <ele>181.02</ele>
      </trkpt>
      <trkpt lat="41.88008892349899" lon="-87.63231192715466">
        <ele>181.08</ele>
      </trkpt>
      <trkpt lat="41.88038354739547" lon="-87.63231217861176">
        <ele>181.14</ele>
      </trkpt>
      <trkpt lat="41.88067817129195" lon="-87.63231243006885">
        <ele>181.2</ele>
      </trkpt>
      <trkpt lat="41.880972711369395" lon="-87.63231259770691">
        <ele>181.26</ele>
      </trkpt>
      <trkpt lat="41.881267335265875" lon="-87.63231284916401">
        <ele>181.31</ele>
      </trkpt>
      <trkpt lat="41.88156187534332" lon="-87.6323131006211">
        <ele>181.37</ele>
      </trkpt>
      <trkpt lat="41.8818564992398" lon="-87.63231326825917">
        <ele>181.41</ele>
      </trkpt>
      <trkpt lat="41.88215103931725" lon="-87.63231351971626">
        <ele>181.45</ele>
      </trkpt>
      <trkpt lat="41.88244566321373" lon="-87.63231377117336">
        <ele>181.48</ele>
      </trkpt>
      <trkpt lat="41.882743975147605" lon="-87.63231393881142">
        <ele>181.5</ele>
      </trkpt>
      <trkpt lat="41.88305108807981" lon="-87.63232123106718">
        <ele>181.56</ele>
      </trkpt>
      <trkpt lat="41.88335828483105" lon="-87.63232852332294">
        <ele>181.54</ele>
      </trkpt>
      <trkpt lat="41.88366539776325" lon="-87.6323358155787">
        <ele>181.5</ele>
      </trkpt>
      <trkpt lat="41.88397259451449" lon="-87.63234310783446">
        <ele>181.43</ele>
      </trkpt>
      <trkpt lat="41.884279707446694" lon="-87.63235031627119">
        <ele>181.35</ele>
      </trkpt>
      <trkpt lat="41.88458690419793" lon="-87.63235760852695">
        <ele>181.25</ele>
      </trkpt>
      <trkpt lat="41.88489401713014" lon="-87.6323649007827">
        <ele>181.12</ele>
      </trkpt>
      <trkpt lat="41.88520121388137" lon="-87.63237219303846">
        <ele>180.97</ele>
      </trkpt>
      <trkpt lat="41.88550832681358" lon="-87.63237948529422">
        <ele>180.77</ele>
      </trkpt>
      <trkpt lat="41.885815439745784" lon="-87.63238677754998">
        <ele>180.63</ele>
      </trkpt>
      <trkpt lat="41.88612263649702" lon="-87.63239406980574">
        <ele>180.38</ele>
      </trkpt>
      <trkpt lat="41.886429749429226" lon="-87.63240127824247">
        <ele>180.22</ele>
      </trkpt>
      <trkpt lat="41.88673694618046" lon="-87.63240857049823">
        <ele>180.04</ele>
      </trkpt>
      <trkpt lat="41.88704405911267" lon="-87.63241586275399">
        <ele>179.63</ele>
      </trkpt>
      <trkpt lat="41.887351255863905" lon="-87.63242315500975">
        <ele>179.29</ele>
      </trkpt>
      <trkpt lat="41.88765836879611" lon="-87.6324304472655">
        <ele>179.15</ele>
      </trkpt>
      <trkpt lat="41.88796556554735" lon="-87.63243773952127">
        <ele>179.1</ele>
      </trkpt>
      <trkpt lat="41.88827267847955" lon="-87.63244494795799">
        <ele>179.01</ele>
      </trkpt>
      <trkpt lat="41.88857987523079" lon="-87.63245224021375">
        <ele>179.0</ele>
      </trkpt>
      <trkpt lat="41.888886988162994" lon="-87.63245953246951">
        <ele>178.98</ele>
      </trkpt>
      <trkpt lat="41.88919418491423" lon="-87.63246682472527">
        <ele>179.05</ele>
      </trkpt>
      <trkpt lat="41.88950129784644" lon="-87.63247411698103">
        <ele>179.03</ele>
      </trkpt>
      <trkpt lat="41.88980849459767" lon="-87.63248140923679">
        <ele>179.02</ele>
      </trkpt>
      <trkpt lat="41.89011560752988" lon="-87.63248870149255">
        <ele>179.01</ele>
      </trkpt>
      <trkpt lat="41.890422720462084" lon="-87.63249590992928">
        <ele>179.01</ele>
      </trkpt>
      <trkpt lat="41.89072991721332" lon="-87.63250320218503">
        <ele>179.01</ele>
      </trkpt>
      <trkpt lat="41.891037030145526" lon="-87.6325104944408">
        <ele>179.01</ele>
      </trkpt>
      <trkpt lat="41.89134422689676" lon="-87.63251778669655">
        <ele>179.01</ele>
      </trkpt>
      <trkpt lat="41.89165133982897" lon="-87.63252507895231">
        <ele>178.99</ele>
      </trkpt>
      <trkpt lat="41.891958536580205" lon="-87.63253237120807">
        <ele>178.93</ele>
      </trkpt>
      <trkpt lat="41.89227897673845" lon="-87.63253999873996">
        <ele>178.92</ele>
      </trkpt>
      <trkpt lat="41.89259245991707" lon="-87.6325482968241">
        <ele>178.91</ele>
      </trkpt>
      <trkpt lat="41.89290585927665" lon="-87.63255659490824">
        <ele>178.9</ele>
      </trkpt>
      <trkpt lat="41.89321934245527" lon="-87.63256489299238">
        <ele>178.89</ele>
      </trkpt>
      <trkpt lat="41.89353282563388" lon="-87.63257327489555">
        <ele>178.88</ele>
      </trkpt>
      <trkpt lat="41.8938463088125" lon="-87.63258157297969">
        <ele>178.87</ele>
      </trkpt>
      <trkpt lat="41.89415970817208" lon="-87.63258987106383">
        <ele>178.87</ele>
      </trkpt>
      <trkpt lat="41.8944731913507" lon="-87.632598252967">
        <ele>178.86</ele>
      </trkpt>
      <trkpt lat="41.894786674529314" lon="-87.63260655105114">
        <ele>178.86</ele>
      </trkpt>
      <trkpt lat="41.8951000738889" lon="-87.63261484913528">
        <ele>178.86</ele>
      </trkpt>
      <trkpt lat="41.89541355706751" lon="-87.63262323103845">
        <ele>178.86</ele>
      </trkpt>
      <trkpt lat="41.89572704024613" lon="-87.63263152912259">
        <ele>178.87</ele>
      </trkpt>
      <trkpt lat="41.896040523424745" lon="-87.63263982720673">
        <ele>178.88</ele>
      </trkpt>
      <trkpt lat="41.89635392278433" lon="-87.6326482091099">
        <ele>178.9</ele>
      </trkpt>
      <trkpt lat="41.896667405962944" lon="-87.63265650719404">
        <ele>178.92</ele>
      </trkpt>
      <trkpt lat="41.89698088914156" lon="-87.63266480527818">
        <ele>178.95</ele>
      </trkpt>
      <trkpt lat="41.897294372320175" lon="-87.63267318718135">
        <ele>178.99</ele>
      </trkpt>
      <trkpt lat="41.89760777167976" lon="-87.6326814852655">
        <ele>179.03</ele>
      </trkpt>
      <trkpt lat="41.897921254858375" lon="-87.63268978334963">
        <ele>179.08</ele>
      </trkpt>
      <trkpt lat="41.89823473803699" lon="-87.6326981652528">
        <ele>179.14</ele>
      </trkpt>
      <trkpt lat="41.898548221215606" lon="-87.63270646333694">
        <ele>179.2</ele>
      </trkpt>
      <trkpt lat="41.89886162057519" lon="-87.63271476142108">
        <ele>179.27</ele>
      </trkpt>
      <trkpt lat="41.899175103753805" lon="-87.63272314332426">
        <ele>179.37</ele>
      </trkpt>
      <trkpt lat="41.89948858693242" lon="-87.6327314414084">
        <ele>179.47</ele>
      </trkpt>
      <trkpt lat="41.899802070111036" lon="-87.63273973949254">
        <ele>179.59</ele>
      </trkpt>
      <trkpt lat="41.90011546947062" lon="-87.63274812139571">
        <ele>179.68</ele>
      </trkpt>
      <trkpt lat="41.900428952649236" lon="-87.63275641947985">
        <ele>179.77</ele>
      </trkpt>
      <trkpt lat="41.90074243582785" lon="-87.63276471756399">
        <ele>179.87</ele>
      </trkpt>
      <trkpt lat="41.90105591900647" lon="-87.63277309946716">
        <ele>179.96</ele>
      </trkpt>
      <trkpt lat="41.90136931836605" lon="-87.6327813975513">
        <ele>180.05</ele>
      </trkpt>
      <trkpt lat="41.901682801544666" lon="-87.63278969563544">
        <ele>180.14</ele>
      </trkpt>
      <trkpt lat="41.90199628472328" lon="-87.63279807753861">
        <ele>180.24</ele>
      </trkpt>
      <trkpt lat="41.9023097679019" lon="-87.63280637562275">
        <ele>180.32</ele>
      </trkpt>
      <trkpt lat="41.90262316726148" lon="-87.63281467370689">
        <ele>180.41</ele>
      </trkpt>
      <trkpt lat="41.9029366504401" lon="-87.63282305561006">
        <ele>180.54</ele>
      </trkpt>
      <trkpt lat="41.90325013361871" lon="-87.6328313536942">
        <ele>180.64</ele>
      </trkpt>
      <trkpt lat="41.90356361679733" lon="-87.63283965177834">
        <ele>180.71</ele>
      </trkpt>
      <trkpt lat="41.90387701615691" lon="-87.63284803368151">
        <ele>180.77</ele>
      </trkpt>
      <trkpt lat="41.90419049933553" lon="-87.63285633176565">
        <ele>180.83</ele>
      </trkpt>
      <trkpt lat="41.90450398251414" lon="-87.63286462984979">
        <ele>180.88</ele>
      </trkpt>
      <trkpt lat="41.90481746569276" lon="-87.63287301175296">
        <ele>180.92</ele>
      </trkpt>
      <trkpt lat="41.90513086505234" lon="-87.6328813098371">
        <ele>180.95</ele>
      </trkpt>
      <trkpt lat="41.90544434823096" lon="-87.63288960792124">
        <ele>180.98</ele>
      </trkpt>
      <trkpt lat="41.905757831409574" lon="-87.63289798982441">
        <ele>181.01</ele>
      </trkpt>
      <trkpt lat="41.90607131458819" lon="-87.63290628790855">
        <ele>181.03</ele>
      </trkpt>
      <trkpt lat="41.90638471394777" lon="-87.6329145859927">
        <ele>181.04</ele>
      </trkpt>
      <trkpt lat="41.90669819712639" lon="-87.63292296789587">
        <ele>181.06</ele>
      </trkpt>
      <trkpt lat="41.907011680305004" lon="-87.63293126598">
        <ele>181.07</ele>
      </trkpt>
      <trkpt lat="41.90732516348362" lon="-87.63293956406415">
        <ele>181.08</ele>
      </trkpt>
      <trkpt lat="41.9076385628432" lon="-87.63294794596732">
        <ele>181.09</ele>
      </trkpt>
      <trkpt lat="41.90795204602182" lon="-87.63295624405146">
        <ele>181.1</ele>
      </trkpt>
      <trkpt lat="41.908265529200435" lon="-87.63296462595463">
        <ele>181.11</ele>
      </trkpt>
      <trkpt lat="41.90828774124384" lon="-87.63296521268785">
        <ele>181.13</ele>
      </trkpt>
      <trkpt lat="41.90857901237905" lon="-87.63297292403877">
        <ele>181.14</ele>
      </trkpt>
      <trkpt lat="41.908892411738634" lon="-87.63298122212291">
        <ele>181.17</ele>
      </trkpt>
      <trkpt lat="41.90920589491725" lon="-87.63298960402608">
        <ele>181.19</ele>
      </trkpt>
      <trkpt lat="41.909519378095865" lon="-87.63299790211022">
        <ele>181.22</ele>
      </trkpt>
      <trkpt lat="41.90983286127448" lon="-87.63300620019436">
        <ele>181.25</ele>
      </trkpt>
      <trkpt lat="41.910146260634065" lon="-87.63301458209753">
        <ele>181.29</ele>
      </trkpt>
      <trkpt lat="41.91045974381268" lon="-87.63302288018167">
        <ele>181.33</ele>
      </trkpt>
      <trkpt lat="41.91079895943403" lon="-87.6330319326371">
        <ele>181.37</ele>
      </trkpt>
      <trkpt lat="41.91110238432884" lon="-87.63303025625646">
        <ele>181.48</ele>
      </trkpt>
      <trkpt lat="41.91140580922365" lon="-87.63302866369486">
        <ele>181.53</ele>
      </trkpt>
      <trkpt lat="41.91170915029943" lon="-87.63302698731422">
        <ele>181.58</ele>
      </trkpt>
      <trkpt lat="41.91201257519424" lon="-87.63302531093359">
        <ele>181.62</ele>
      </trkpt>
      <trkpt lat="41.91231600008905" lon="-87.63302363455296">
        <ele>181.67</ele>
      </trkpt>
      <trkpt lat="41.91262193955481" lon="-87.63302195817232">
        <ele>181.71</ele>
      </trkpt>
      <trkpt lat="41.912892926484346" lon="-87.63294995762408">
        <ele>181.75</ele>
      </trkpt>
      <trkpt lat="41.913034999743104" lon="-87.63276597484946">
        <ele>181.79</ele>
      </trkpt>
      <trkpt lat="41.91315108910203" lon="-87.63249088078737">
        <ele>181.84</ele>
      </trkpt>
      <trkpt lat="41.91326726227999" lon="-87.63221587054431">
        <ele>181.88</ele>
      </trkpt>
      <trkpt lat="41.913382932543755" lon="-87.63194194994867">
        <ele>181.9</ele>
      </trkpt>
      <trkpt lat="41.91353699192405" lon="-87.63180297799408">
        <ele>181.91</ele>
      </trkpt>
      <trkpt lat="41.913834968581796" lon="-87.63176794163883">
        <ele>181.95</ele>
      </trkpt>
      <trkpt lat="41.914105201140046" lon="-87.6319002918899">
        <ele>182.03</ele>
      </trkpt>
      <trkpt lat="41.91437593661249" lon="-87.63203297741711">
        <ele>182.06</ele>
      </trkpt>
      <trkpt lat="41.914581628516316" lon="-87.63224394991994">
        <ele>182.16</ele>
      </trkpt>
      <trkpt lat="41.914787320420146" lon="-87.63245492242277">
        <ele>182.23</ele>
      </trkpt>
      <trkpt lat="41.914992928504944" lon="-87.63266597874463">
        <ele>182.31</ele>
      </trkpt>
      <trkpt lat="41.915239188820124" lon="-87.63277335092425">
        <ele>182.39</ele>
      </trkpt>
      <trkpt lat="41.915485952049494" lon="-87.63288097456098">
        <ele>182.45</ele>
      </trkpt>
      <trkpt lat="41.91569591872394" lon="-87.63301692903042">
        <ele>182.49</ele>
      </trkpt>
      <trkpt lat="41.915942430496216" lon="-87.63325296342373">
        <ele>182.52</ele>
      </trkpt>
      <trkpt lat="41.91618894226849" lon="-87.63348899781704">
        <ele>182.54</ele>
      </trkpt>
      <trkpt lat="41.9163319375366" lon="-87.63364599086344">
        <ele>182.55</ele>
      </trkpt>
      <trkpt lat="41.91653134301305" lon="-87.63377188704908">
        <ele>182.51</ele>
      </trkpt>
      <trkpt lat="41.916730999946594" lon="-87.63389795087278">
        <ele>182.47</ele>
      </trkpt>
      <trkpt lat="41.91695521585643" lon="-87.63400783762336">
        <ele>182.48</ele>
      </trkpt>
      <trkpt lat="41.91717993468046" lon="-87.63411797583103">
        <ele>182.46</ele>
      </trkpt>
      <trkpt lat="41.91745360381901" lon="-87.63419316150248">
        <ele>182.44</ele>
      </trkpt>
      <trkpt lat="41.91772727295756" lon="-87.63426843099296">
        <ele>182.43</ele>
      </trkpt>
      <trkpt lat="41.918000942096114" lon="-87.63434370048344">
        <ele>182.4</ele>
      </trkpt>
      <trkpt lat="41.918274611234665" lon="-87.63441888615489">
        <ele>182.34</ele>
      </trkpt>
      <trkpt lat="41.918548280373216" lon="-87.63449415564537">
        <ele>182.32</ele>
      </trkpt>
      <trkpt lat="41.91882396116853" lon="-87.63456992805004">
        <ele>182.34</ele>
      </trkpt>
      <trkpt lat="41.919048093259335" lon="-87.63473563827574">
        <ele>182.25</ele>
      </trkpt>
      <trkpt lat="41.91927222535014" lon="-87.63490126468241">
        <ele>182.2</ele>
      </trkpt>
      <trkpt lat="41.91949635744095" lon="-87.63506697490811">
        <ele>182.17</ele>
      </trkpt>
      <trkpt lat="41.919720992445946" lon="-87.63523293659091">
        <ele>182.1</ele>
      </trkpt>
      <trkpt lat="41.919920817017555" lon="-87.63534936122596">
        <ele>181.97</ele>
      </trkpt>
      <trkpt lat="41.92012097686529" lon="-87.63546595349908">
        <ele>181.85</ele>
      </trkpt>
      <trkpt lat="41.92038861103356" lon="-87.63549529016018">
        <ele>181.77</ele>
      </trkpt>
      <trkpt lat="41.920656245201826" lon="-87.63552454300225">
        <ele>181.66</ele>
      </trkpt>
      <trkpt lat="41.920924969017506" lon="-87.63555396348238">
        <ele>181.58</ele>
      </trkpt>
      <trkpt lat="41.92123333923519" lon="-87.63557089492679">
        <ele>181.5</ele>
      </trkpt>
      <trkpt lat="41.921541625633836" lon="-87.63558791019022">
        <ele>181.42</ele>
      </trkpt>
      <trkpt lat="41.92184999585152" lon="-87.63560492545366">
        <ele>181.35</ele>
      </trkpt>
      <trkpt lat="41.9221583660692" lon="-87.63562185689807">
        <ele>181.28</ele>
      </trkpt>
      <trkpt lat="41.92246665246785" lon="-87.63563887216151">
        <ele>181.21</ele>
      </trkpt>
      <trkpt lat="41.92277502268553" lon="-87.63565580360591">
        <ele>181.14</ele>
      </trkpt>
      <trkpt lat="41.92308339290321" lon="-87.63567281886935">
        <ele>181.07</ele>
      </trkpt>
      <trkpt lat="41.92339167930186" lon="-87.63568975031376">
        <ele>181.0</ele>
      </trkpt>
      <trkpt lat="41.92370004951954" lon="-87.6357067655772">
        <ele>180.93</ele>
      </trkpt>
      <trkpt lat="41.92400841973722" lon="-87.6357236970216">
        <ele>180.85</ele>
      </trkpt>
      <trkpt lat="41.92431670613587" lon="-87.63574071228504">
        <ele>180.78</ele>
      </trkpt>
      <trkpt lat="41.92462507635355" lon="-87.63575764372945">
        <ele>180.74</ele>
      </trkpt>
      <trkpt lat="41.924938978627324" lon="-87.63577499426901">
        <ele>180.65</ele>
      </trkpt>
      <trkpt lat="41.92516101524234" lon="-87.63584121130407">
        <ele>180.55</ele>
      </trkpt>
      <trkpt lat="41.92538305185735" lon="-87.63590742833912">
        <ele>180.45</ele>
      </trkpt>
      <trkpt lat="41.92560592666268" lon="-87.6359739806503">
        <ele>180.32</ele>
      </trkpt>
      <trkpt lat="41.92564188502729" lon="-87.63560207560658">
        <ele>180.24</ele>
      </trkpt>
      <trkpt lat="41.925677759572864" lon="-87.6352302543819">
        <ele>180.2</ele>
      </trkpt>
      <trkpt lat="41.92571371793747" lon="-87.6348584331572">
        <ele>180.11</ele>
      </trkpt>
      <trkpt lat="41.925749592483044" lon="-87.63448661193252">
        <ele>179.99</ele>
      </trkpt>
      <trkpt lat="41.92578555084765" lon="-87.6341147068888">
        <ele>179.83</ele>
      </trkpt>
      <trkpt lat="41.92582092247903" lon="-87.63374799862504">
        <ele>179.72</ele>
      </trkpt>
      <trkpt lat="41.92607724107802" lon="-87.63388906605542">
        <ele>179.65</ele>
      </trkpt>
      <trkpt lat="41.926333559677005" lon="-87.63403021730483">
        <ele>179.63</ele>
      </trkpt>
      <trkpt lat="41.92658979445696" lon="-87.63417136855423">
        <ele>179.59</ele>
      </trkpt>
      <trkpt lat="41.926846113055944" lon="-87.63431243598461">
        <ele>179.63</ele>
      </trkpt>
      <trkpt lat="41.9271023478359" lon="-87.63445358723402">
        <ele>179.64</ele>
      </trkpt>
      <trkpt lat="41.927358666434884" lon="-87.63459473848343">
        <ele>179.69</ele>
      </trkpt>
      <trkpt lat="41.92761490121484" lon="-87.6347358059138">
        <ele>179.71</ele>
      </trkpt>
      <trkpt lat="41.92787298001349" lon="-87.6348779629916">
        <ele>179.8</ele>
      </trkpt>
      <trkpt lat="41.92814061418176" lon="-87.63506001792848">
        <ele>179.89</ele>
      </trkpt>
      <trkpt lat="41.928408248350024" lon="-87.6352421566844">
        <ele>180.01</ele>
      </trkpt>
      <trkpt lat="41.92867588251829" lon="-87.63542421162128">
        <ele>180.08</ele>
      </trkpt>
      <trkpt lat="41.92894351668656" lon="-87.63560626655817">
        <ele>180.19</ele>
      </trkpt>
      <trkpt lat="41.929211150854826" lon="-87.63578832149506">
        <ele>180.28</ele>
      </trkpt>
      <trkpt lat="41.92947878502309" lon="-87.63597046025097">
        <ele>180.38</ele>
      </trkpt>
      <trkpt lat="41.92974641919136" lon="-87.63615251518786">
        <ele>180.48</ele>
      </trkpt>
      <trkpt lat="41.93001405335963" lon="-87.63633457012475">
        <ele>180.56</ele>
      </trkpt>
      <trkpt lat="41.930281687527895" lon="-87.63651670888066">
        <ele>180.67</ele>
      </trkpt>
      <trkpt lat="41.9305509980768" lon="-87.63669993728399">
        <ele>180.72</ele>
      </trkpt>
      <trkpt lat="41.9308028742671" lon="-87.63690453954041">
        <ele>180.77</ele>
      </trkpt>
      <trkpt lat="41.931054750457406" lon="-87.63710914179683">
        <ele>180.82</ele>
      </trkpt>
      <trkpt lat="41.93130696192384" lon="-87.63731399551034">
        <ele>180.92</ele>
      </trkpt>
      <trkpt lat="41.93151533603668" lon="-87.63757852837443">
        <ele>180.96</ele>
      </trkpt>
      <trkpt lat="41.93172379396856" lon="-87.63784314505756">
        <ele>181.0</ele>
      </trkpt>
      <trkpt lat="41.9319321680814" lon="-87.63810776174068">
        <ele>181.03</ele>
      </trkpt>
      <trkpt lat="41.93214062601328" lon="-87.63837229460478">
        <ele>181.04</ele>
      </trkpt>
      <trkpt lat="41.93234900012612" lon="-87.6386369112879">
        <ele>181.05</ele>
      </trkpt>
      <trkpt lat="41.93255695514381" lon="-87.63890094123781">
        <ele>181.05</ele>
      </trkpt>
      <trkpt lat="41.932767340913415" lon="-87.63904888182878">
        <ele>181.04</ele>
      </trkpt>
      <trkpt lat="41.932977978140116" lon="-87.63919699005783">
        <ele>181.02</ele>
      </trkpt>
      <trkpt lat="41.93328500725329" lon="-87.63921291567385">
        <ele>180.99</ele>
      </trkpt>
      <trkpt lat="41.93359203636646" lon="-87.63922884128988">
        <ele>180.95</ele>
      </trkpt>
      <trkpt lat="41.933898981660604" lon="-87.6392447669059">
        <ele>180.91</ele>
      </trkpt>
      <trkpt lat="41.93420601077378" lon="-87.63926069252193">
        <ele>180.84</ele>
      </trkpt>
      <trkpt lat="41.93451303988695" lon="-87.63927661813796">
        <ele>180.75</ele>
      </trkpt>
      <trkpt lat="41.934820069000125" lon="-87.63929262757301">
        <ele>180.69</ele>
      </trkpt>
      <trkpt lat="41.9351270981133" lon="-87.63930855318904">
        <ele>180.63</ele>
      </trkpt>
      <trkpt lat="41.93543412722647" lon="-87.63932447880507">
        <ele>180.58</ele>
      </trkpt>
      <trkpt lat="41.935741156339645" lon="-87.63934040442109">
        <ele>180.52</ele>
      </trkpt>
      <trkpt lat="41.93604818545282" lon="-87.63935633003712">
        <ele>180.46</ele>
      </trkpt>
      <trkpt lat="41.93635521456599" lon="-87.63937225565314">
        <ele>180.4</ele>
      </trkpt>
      <trkpt lat="41.936662159860134" lon="-87.6393882650882">
        <ele>180.34</ele>
      </trkpt>
      <trkpt lat="41.93696918897331" lon="-87.63940419070423">
        <ele>180.28</ele>
      </trkpt>
      <trkpt lat="41.93727621808648" lon="-87.63942011632025">
        <ele>180.21</ele>
      </trkpt>
      <trkpt lat="41.937583247199655" lon="-87.63943604193628">
        <ele>180.14</ele>
      </trkpt>
      <trkpt lat="41.93789027631283" lon="-87.6394519675523">
        <ele>180.07</ele>
      </trkpt>
      <trkpt lat="41.938197305426" lon="-87.63946789316833">
        <ele>179.99</ele>
      </trkpt>
      <trkpt lat="41.938504334539175" lon="-87.63948390260339">
        <ele>179.9</ele>
      </trkpt>
      <trkpt lat="41.93881136365235" lon="-87.63949982821941">
        <ele>179.81</ele>
      </trkpt>
      <trkpt lat="41.93911839276552" lon="-87.63951575383544">
        <ele>179.71</ele>
      </trkpt>
      <trkpt lat="41.939425338059664" lon="-87.63953167945147">
        <ele>179.6</ele>
      </trkpt>
      <trkpt lat="41.93973236717284" lon="-87.63954760506749">
        <ele>179.48</ele>
      </trkpt>
      <trkpt lat="41.94003939628601" lon="-87.63956361450255">
        <ele>179.36</ele>
      </trkpt>
      <trkpt lat="41.940346425399184" lon="-87.63957954011858">
        <ele>179.25</ele>
      </trkpt>
      <trkpt lat="41.94065345451236" lon="-87.6395954657346">
        <ele>179.14</ele>
      </trkpt>
      <trkpt lat="41.94096048362553" lon="-87.63961139135063">
        <ele>178.96</ele>
      </trkpt>
      <trkpt lat="41.94127899594605" lon="-87.6396279875189">
        <ele>178.69</ele>
      </trkpt>
      <trkpt lat="41.941522657871246" lon="-87.63972203247249">
        <ele>178.53</ele>
      </trkpt>
      <trkpt lat="41.941766403615475" lon="-87.63981616124511">
        <ele>178.4</ele>
      </trkpt>
      <trkpt lat="41.9420101493597" lon="-87.63991020619869">
        <ele>178.27</ele>
      </trkpt>
      <trkpt lat="41.94225389510393" lon="-87.64000433497131">
        <ele>178.15</ele>
      </trkpt>
      <trkpt lat="41.94249898195267" lon="-87.64009896665812">
        <ele>178.05</ele>
      </trkpt>
      <trkpt lat="41.94278941489756" lon="-87.64025839045644">
        <ele>177.95</ele>
      </trkpt>
      <trkpt lat="41.94307993166149" lon="-87.64041781425476">
        <ele>177.86</ele>
      </trkpt>
      <trkpt lat="41.94337036460638" lon="-87.64057723805308">
        <ele>177.84</ele>
      </trkpt>
      <trkpt lat="41.943660881370306" lon="-87.6407366618514">
        <ele>177.8</ele>
      </trkpt>
      <trkpt lat="41.9439513143152" lon="-87.64089608564973">
        <ele>177.8</ele>
      </trkpt>
      <trkpt lat="41.944241831079125" lon="-87.64105550944805">
        <ele>177.78</ele>
      </trkpt>
      <trkpt lat="41.94453226402402" lon="-87.64121493324637">
        <ele>177.81</ele>
      </trkpt>
      <trkpt lat="41.944822780787945" lon="-87.64137444086373">
        <ele>177.84</ele>
      </trkpt>
      <trkpt lat="41.94511321373284" lon="-87.64153386466205">
        <ele>177.89</ele>
      </trkpt>
      <trkpt lat="41.945403730496764" lon="-87.64169328846037">
        <ele>177.98</ele>
      </trkpt>
      <trkpt lat="41.94569416344166" lon="-87.6418527122587">
        <ele>178.05</ele>
      </trkpt>
      <trkpt lat="41.945984680205584" lon="-87.64201213605702">
        <ele>178.12</ele>
      </trkpt>
      <trkpt lat="41.94627519696951" lon="-87.64217155985534">
        <ele>178.19</ele>
      </trkpt>
      <trkpt lat="41.9465656299144" lon="-87.64233098365366">
        <ele>178.22</ele>
      </trkpt>
      <trkpt lat="41.94685614667833" lon="-87.64249049127102">
        <ele>178.33</ele>
      </trkpt>
      <trkpt lat="41.94714657962322" lon="-87.64264991506934">
        <ele>178.39</ele>
      </trkpt>
      <trkpt lat="41.94743709638715" lon="-87.64280933886766">
        <ele>178.52</ele>
      </trkpt>
      <trkpt lat="41.94772752933204" lon="-87.64296876266599">
        <ele>178.59</ele>
      </trkpt>
      <trkpt lat="41.94801804609597" lon="-87.64312818646431">
        <ele>178.67</ele>
      </trkpt>
      <trkpt lat="41.94830847904086" lon="-87.64328769408166">
        <ele>178.81</ele>
      </trkpt>
      <trkpt lat="41.94859899580479" lon="-87.64344711787999">
        <ele>178.9</ele>
      </trkpt>
      <trkpt lat="41.94888942874968" lon="-87.64360654167831">
        <ele>179.07</ele>
      </trkpt>
      <trkpt lat="41.949179945513606" lon="-87.64376596547663">
        <ele>179.2</ele>
      </trkpt>
      <trkpt lat="41.9494703784585" lon="-87.64392547309399">
        <ele>179.31</ele>
      </trkpt>
      <trkpt lat="41.949760895222425" lon="-87.64408489689231">
        <ele>179.47</ele>
      </trkpt>
      <trkpt lat="41.95005132816732" lon="-87.64424432069063">
        <ele>179.58</ele>
      </trkpt>
      <trkpt lat="41.950341844931245" lon="-87.64440374448895">
        <ele>179.67</ele>
      </trkpt>
      <trkpt lat="41.95063227787614" lon="-87.64456325210631">
        <ele>179.76</ele>
      </trkpt>
      <trkpt lat="41.95092991925776" lon="-87.64472695067525">
        <ele>179.84</ele>
      </trkpt>
      <trkpt lat="41.95120895281434" lon="-87.64480255544186">
        <ele>179.91</ele>
      </trkpt>
      <trkpt lat="41.95148790255189" lon="-87.64487807638943">
        <ele>179.97</ele>
      </trkpt>
      <trkpt lat="41.95176693610847" lon="-87.64495368115604">
        <ele>180.02</ele>
      </trkpt>
      <trkpt lat="41.95204588584602" lon="-87.64502928592265">
        <ele>180.07</ele>
      </trkpt>
      <trkpt lat="41.9523249194026" lon="-87.64510480687022">
        <ele>180.1</ele>
      </trkpt>
      <trkpt lat="41.95260596461594" lon="-87.64518099837005">
        <ele>180.13</ele>
      </trkpt>
      <trkpt lat="41.95272800512612" lon="-87.64533103443682">
        <ele>180.15</ele>
      </trkpt>
      <trkpt lat="41.952849961817265" lon="-87.64548098668456">
        <ele>180.16</ele>
      </trkpt>
      <trkpt lat="41.952912993729115" lon="-87.64568491838872">
        <ele>180.17</ele>
      </trkpt>
      <trkpt lat="41.952887093648314" lon="-87.64607065357268">
        <ele>180.17</ele>
      </trkpt>
      <trkpt lat="41.952861277386546" lon="-87.6464563049376">
        <ele>180.17</ele>
      </trkpt>
      <trkpt lat="41.952835377305746" lon="-87.64684204012156">
        <ele>180.16</ele>
      </trkpt>
      <trkpt lat="41.95280956104398" lon="-87.64722769148648">
        <ele>180.16</ele>
      </trkpt>
      <trkpt lat="41.95278366096318" lon="-87.64761342667043">
        <ele>180.14</ele>
      </trkpt>
      <trkpt lat="41.95275784470141" lon="-87.64799907803535">
        <ele>180.13</ele>
      </trkpt>
      <trkpt lat="41.95273194462061" lon="-87.64838481321931">
        <ele>180.12</ele>
      </trkpt>
      <trkpt lat="41.95270612835884" lon="-87.64877046458423">
        <ele>180.1</ele>
      </trkpt>
      <trkpt lat="41.95268031209707" lon="-87.64915619976819">
        <ele>180.09</ele>
      </trkpt>
      <trkpt lat="41.952654998749495" lon="-87.64953296631575">
        <ele>180.07</ele>
      </trkpt>
      <trkpt lat="41.95238317362964" lon="-87.64953774400055">
        <ele>180.06</ele>
      </trkpt>
      <trkpt lat="41.95211134850979" lon="-87.64954252168536">
        <ele>180.05</ele>
      </trkpt>
      <trkpt lat="41.951839523389935" lon="-87.64954729937017">
        <ele>180.04</ele>
      </trkpt>
      <trkpt lat="41.95156769827008" lon="-87.64955216087401">
        <ele>180.03</ele>
      </trkpt>
      <trkpt lat="41.9512939453125" lon="-87.64955693855882">
        <ele>180.02</ele>
      </trkpt>
      <trkpt lat="41.951010301709175" lon="-87.64939156360924">
        <ele>180.01</ele>
      </trkpt>
      <trkpt lat="41.95072657428682" lon="-87.64922610484064">
        <ele>180.01</ele>
      </trkpt>
      <trkpt lat="41.950442930683494" lon="-87.64906072989106">
        <ele>180.01</ele>
      </trkpt>
      <trkpt lat="41.95015928708017" lon="-87.64889535494149">
        <ele>180.01</ele>
      </trkpt>
      <trkpt lat="41.94987555965781" lon="-87.64872989617288">
        <ele>180.01</ele>
      </trkpt>
      <trkpt lat="41.94959191605449" lon="-87.6485645212233">
        <ele>180.01</ele>
      </trkpt>
      <trkpt lat="41.94930818863213" lon="-87.64839914627373">
        <ele>180.02</ele>
      </trkpt>
      <trkpt lat="41.949024545028806" lon="-87.64823368750513">
        <ele>180.03</ele>
      </trkpt>
      <trkpt lat="41.94874090142548" lon="-87.64806831255555">
        <ele>180.04</ele>
      </trkpt>
      <trkpt lat="41.948457174003124" lon="-87.64790293760598">
        <ele>180.05</ele>
      </trkpt>
      <trkpt lat="41.9481735303998" lon="-87.64773747883737">
        <ele>180.06</ele>
      </trkpt>
      <trkpt lat="41.94788980297744" lon="-87.6475721038878">
        <ele>180.07</ele>
      </trkpt>
      <trkpt lat="41.94760615937412" lon="-87.64740672893822">
        <ele>180.09</ele>
      </trkpt>
      <trkpt lat="41.94732251577079" lon="-87.64724127016962">
        <ele>180.1</ele>
      </trkpt>
      <trkpt lat="41.947038788348436" lon="-87.64707589522004">
        <ele>180.13</ele>
      </trkpt>
      <trkpt lat="41.94675514474511" lon="-87.64691052027047">
        <ele>180.13</ele>
      </trkpt>
      <trkpt lat="41.946471417322755" lon="-87.64674514532089">
        <ele>180.14</ele>
      </trkpt>
      <trkpt lat="41.94618777371943" lon="-87.64657968655229">
        <ele>180.19</ele>
      </trkpt>
      <trkpt lat="41.945904130116105" lon="-87.64641431160271">
        <ele>180.21</ele>
      </trkpt>
      <trkpt lat="41.94562040269375" lon="-87.64624893665314">
        <ele>180.22</ele>
      </trkpt>
      <trkpt lat="41.945336759090424" lon="-87.64608356170356">
        <ele>180.19</ele>
      </trkpt>
      <trkpt lat="41.94505303166807" lon="-87.64591818675399">
        <ele>180.15</ele>
      </trkpt>
      <trkpt lat="41.94476938806474" lon="-87.64575272798538">
        <ele>180.14</ele>
      </trkpt>
      <trkpt lat="41.94448574446142" lon="-87.64558735303581">
        <ele>180.13</ele>
      </trkpt>
      <trkpt lat="41.94420201703906" lon="-87.64542197808623">
        <ele>180.14</ele>
      </trkpt>
      <trkpt lat="41.943918373435736" lon="-87.64525660313666">
        <ele>180.16</ele>
      </trkpt>
      <trkpt lat="41.94363464601338" lon="-87.64509122818708">
        <ele>180.11</ele>
      </trkpt>
      <trkpt lat="41.943351002410054" lon="-87.64492576941848">
        <ele>180.11</ele>
      </trkpt>
      <trkpt lat="41.94306735880673" lon="-87.6447603944689">
        <ele>180.11</ele>
      </trkpt>
      <trkpt lat="41.94278363138437" lon="-87.64459501951933">
        <ele>180.11</ele>
      </trkpt>
      <trkpt lat="41.942492946982384" lon="-87.64442595653236">
        <ele>180.12</ele>
      </trkpt>
      <trkpt lat="41.942183738574386" lon="-87.64441908337176">
        <ele>180.13</ele>
      </trkpt>
      <trkpt lat="41.94218331947923" lon="-87.64441899955273">
        <ele>180.13</ele>
      </trkpt>
      <trkpt lat="41.94187453016639" lon="-87.64441212639213">
        <ele>180.16</ele>
      </trkpt>
      <trkpt lat="41.94156532175839" lon="-87.64440525323153">
        <ele>180.19</ele>
      </trkpt>
      <trkpt lat="41.94125602953136" lon="-87.6443982962519">
        <ele>180.22</ele>
      </trkpt>
      <trkpt lat="41.94094682112336" lon="-87.64439142309129">
        <ele>180.25</ele>
      </trkpt>
      <trkpt lat="41.94063761271536" lon="-87.64438446611166">
        <ele>180.32</ele>
      </trkpt>
      <trkpt lat="41.940328404307365" lon="-87.64437759295106">
        <ele>180.36</ele>
      </trkpt>
      <trkpt lat="41.94001919589937" lon="-87.64437063597143">
        <ele>180.42</ele>
      </trkpt>
      <trkpt lat="41.93970990367234" lon="-87.64436376281083">
        <ele>180.48</ele>
      </trkpt>
      <trkpt lat="41.93940069526434" lon="-87.6443568058312">
        <ele>180.52</ele>
      </trkpt>
      <trkpt lat="41.93909148685634" lon="-87.6443499326706">
        <ele>180.56</ele>
      </trkpt>
      <trkpt lat="41.93878227844834" lon="-87.64434297569096">
        <ele>180.6</ele>
      </trkpt>
      <trkpt lat="41.938473070040345" lon="-87.64433610253036">
        <ele>180.64</ele>
      </trkpt>
      <trkpt lat="41.938163777813315" lon="-87.64432914555073">
        <ele>180.69</ele>
      </trkpt>
      <trkpt lat="41.93785456940532" lon="-87.64432227239013">
        <ele>180.73</ele>
      </trkpt>
      <trkpt lat="41.93754536099732" lon="-87.6443153154105">
        <ele>180.77</ele>
      </trkpt>
      <trkpt lat="41.93723615258932" lon="-87.6443084422499">
        <ele>180.82</ele>
      </trkpt>
      <trkpt lat="41.93692694418132" lon="-87.64430148527026">
        <ele>180.87</ele>
      </trkpt>
      <trkpt lat="41.93661765195429" lon="-87.64429461210966">
        <ele>180.92</ele>
      </trkpt>
      <trkpt lat="41.936308443546295" lon="-87.64428765513003">
        <ele>180.98</ele>
      </trkpt>
      <trkpt lat="41.9359992351383" lon="-87.64428078196943">
        <ele>181.05</ele>
      </trkpt>
      <trkpt lat="41.9356900267303" lon="-87.6442738249898">
        <ele>181.12</ele>
      </trkpt>
      <trkpt lat="41.9353808183223" lon="-87.6442669518292">
        <ele>181.19</ele>
      </trkpt>
      <trkpt lat="41.9350716099143" lon="-87.64425999484956">
        <ele>181.28</ele>
      </trkpt>
      <trkpt lat="41.93476231768727" lon="-87.64425312168896">
        <ele>181.37</ele>
      </trkpt>
      <trkpt lat="41.93444196134806" lon="-87.64424599707127">
        <ele>181.48</ele>
      </trkpt>
      <trkpt lat="41.93421397358179" lon="-87.64434188604355">
        <ele>181.58</ele>
      </trkpt>
      <trkpt lat="41.93398590199649" lon="-87.64443777501583">
        <ele>181.7</ele>
      </trkpt>
      <trkpt lat="41.93375791423023" lon="-87.64453366398811">
        <ele>181.82</ele>
      </trkpt>
      <trkpt lat="41.93352892063558" lon="-87.64462997205555">
        <ele>181.98</ele>
      </trkpt>
      <trkpt lat="41.93331325426698" lon="-87.64469451270998">
        <ele>182.17</ele>
      </trkpt>
      <trkpt lat="41.93309750407934" lon="-87.64475913718343">
        <ele>182.32</ele>
      </trkpt>
      <trkpt lat="41.93288099952042" lon="-87.64482392929494">
        <ele>182.45</ele>
      </trkpt>
      <trkpt lat="41.932637924328446" lon="-87.64479568228126">
        <ele>182.56</ele>
      </trkpt>
      <trkpt lat="41.9323949329555" lon="-87.64476735144854">
        <ele>182.66</ele>
      </trkpt>
      <trkpt lat="41.93215093575418" lon="-87.64473893679678">
        <ele>182.76</ele>
      </trkpt>
      <trkpt lat="41.93189143203199" lon="-87.6445864699781">
        <ele>182.84</ele>
      </trkpt>
      <trkpt lat="41.93163184449077" lon="-87.64443391934037">
        <ele>182.92</ele>
      </trkpt>
      <trkpt lat="41.931372340768576" lon="-87.64428145252168">
        <ele>182.99</ele>
      </trkpt>
      <trkpt lat="41.93111275322735" lon="-87.64412890188396">
        <ele>183.04</ele>
      </trkpt>
      <trkpt lat="41.93085324950516" lon="-87.64397643506527">
        <ele>183.09</ele>
      </trkpt>
      <trkpt lat="41.93059366196394" lon="-87.64382388442755">
        <ele>183.12</ele>
      </trkpt>
      <trkpt lat="41.93033415824175" lon="-87.64367141760886">
        <ele>183.15</ele>
      </trkpt>
      <trkpt lat="41.930072978138924" lon="-87.64351794496179">
        <ele>183.17</ele>
      </trkpt>
      <trkpt lat="41.929908860474825" lon="-87.64327847398818">
        <ele>183.18</ele>
      </trkpt>
      <trkpt lat="41.929744742810726" lon="-87.64303900301456">
        <ele>183.19</ele>
      </trkpt>
      <trkpt lat="41.929580960422754" lon="-87.64279995113611">
        <ele>183.18</ele>
      </trkpt>
      <trkpt lat="41.92930092103779" lon="-87.64263692311943">
        <ele>183.18</ele>
      </trkpt>
      <trkpt lat="41.92902088165283" lon="-87.64247389510274">
        <ele>183.16</ele>
      </trkpt>
      <trkpt lat="41.92874084226787" lon="-87.64231086708605">
        <ele>183.15</ele>
      </trkpt>
      <trkpt lat="41.92846080288291" lon="-87.64214783906937">
        <ele>183.13</ele>
      </trkpt>
      <trkpt lat="41.92818076349795" lon="-87.64198481105268">
        <ele>183.11</ele>
      </trkpt>
      <trkpt lat="41.92790072411299" lon="-87.641821783036">
        <ele>183.08</ele>
      </trkpt>
      <trkpt lat="41.927620684728026" lon="-87.64165867120028">
        <ele>183.06</ele>
      </trkpt>
      <trkpt lat="41.927340645343065" lon="-87.64149564318359">
        <ele>183.03</ele>
      </trkpt>
      <trkpt lat="41.927060605958104" lon="-87.6413326151669">
        <ele>183.0</ele>
      </trkpt>
      <trkpt lat="41.926780650392175" lon="-87.64116958715022">
        <ele>182.98</ele>
      </trkpt>
      <trkpt lat="41.926500611007214" lon="-87.64100655913353">
        <ele>182.96</ele>
      </trkpt>
      <trkpt lat="41.92622057162225" lon="-87.64084353111684">
        <ele>182.93</ele>
      </trkpt>
      <trkpt lat="41.92594053223729" lon="-87.64068050310016">
        <ele>182.92</ele>
      </trkpt>
      <trkpt lat="41.92566049285233" lon="-87.64051747508347">
        <ele>182.9</ele>
      </trkpt>
      <trkpt lat="41.92538045346737" lon="-87.64035444706678">
        <ele>182.89</ele>
      </trkpt>
      <trkpt lat="41.92510041408241" lon="-87.6401914190501">
        <ele>182.81</ele>
      </trkpt>
      <trkpt lat="41.92482037469745" lon="-87.64002839103341">
        <ele>182.81</ele>
      </trkpt>
      <trkpt lat="41.924540335312486" lon="-87.63986536301672">
        <ele>182.83</ele>
      </trkpt>
      <trkpt lat="41.924260295927525" lon="-87.63970233500004">
        <ele>182.89</ele>
      </trkpt>
      <trkpt lat="41.92398025654256" lon="-87.63953930698335">
        <ele>182.9</ele>
      </trkpt>
      <trkpt lat="41.9237002171576" lon="-87.63937627896667">
        <ele>182.91</ele>
      </trkpt>
      <trkpt lat="41.92342017777264" lon="-87.63921333476901">
        <ele>182.93</ele>
      </trkpt>
      <trkpt lat="41.92314013838768" lon="-87.63905030675232">
        <ele>182.95</ele>
      </trkpt>
      <trkpt lat="41.92286009900272" lon="-87.63888727873564">
        <ele>182.97</ele>
      </trkpt>
      <trkpt lat="41.92258005961776" lon="-87.63872425071895">
        <ele>182.98</ele>
      </trkpt>
      <trkpt lat="41.9223000202328" lon="-87.63856122270226">
        <ele>183.0</ele>
      </trkpt>
      <trkpt lat="41.92201394587755" lon="-87.63839492574334">
        <ele>183.01</ele>
      </trkpt>
      <trkpt lat="41.921959882602096" lon="-87.63862492516637">
        <ele>183.02</ele>
      </trkpt>
      <trkpt lat="41.9219059869647" lon="-87.63885391876101">
        <ele>183.03</ele>
      </trkpt>
      <trkpt lat="41.92159250378609" lon="-87.63884327374399">
        <ele>183.03</ele>
      </trkpt>
      <trkpt lat="41.92127902060747" lon="-87.63883254490793">
        <ele>183.03</ele>
      </trkpt>
      <trkpt lat="41.920965537428856" lon="-87.63882181607187">
        <ele>183.02</ele>
      </trkpt>
      <trkpt lat="41.92065205425024" lon="-87.63881108723581">
        <ele>183.01</ele>
      </trkpt>
      <trkpt lat="41.920338571071625" lon="-87.63880035839975">
        <ele>182.99</ele>
      </trkpt>
      <trkpt lat="41.92002508789301" lon="-87.63878962956369">
        <ele>182.97</ele>
      </trkpt>
      <trkpt lat="41.919711604714394" lon="-87.63877890072763">
        <ele>182.94</ele>
      </trkpt>
      <trkpt lat="41.91939812153578" lon="-87.63876817189157">
        <ele>182.9</ele>
      </trkpt>
      <trkpt lat="41.91908463835716" lon="-87.63875744305551">
        <ele>182.86</ele>
      </trkpt>
      <trkpt lat="41.91877123899758" lon="-87.63874671421945">
        <ele>182.81</ele>
      </trkpt>
      <trkpt lat="41.91845775581896" lon="-87.63873598538339">
        <ele>182.76</ele>
      </trkpt>
      <trkpt lat="41.91814427264035" lon="-87.63872525654733">
        <ele>182.7</ele>
      </trkpt>
      <trkpt lat="41.91783078946173" lon="-87.6387146115303">
        <ele>182.64</ele>
      </trkpt>
      <trkpt lat="41.917517306283116" lon="-87.63870388269424">
        <ele>182.52</ele>
      </trkpt>
      <trkpt lat="41.9172038231045" lon="-87.63869315385818">
        <ele>182.44</ele>
      </trkpt>
      <trkpt lat="41.916890339925885" lon="-87.63868242502213">
        <ele>182.37</ele>
      </trkpt>
      <trkpt lat="41.91657685674727" lon="-87.63867169618607">
        <ele>182.3</ele>
      </trkpt>
      <trkpt lat="41.916263373568654" lon="-87.63866096735">
        <ele>182.24</ele>
      </trkpt>
      <trkpt lat="41.91594989039004" lon="-87.63865023851395">
        <ele>182.18</ele>
      </trkpt>
      <trkpt lat="41.91563640721142" lon="-87.63863950967789">
        <ele>182.12</ele>
      </trkpt>
      <trkpt lat="41.91532300785184" lon="-87.63862878084183">
        <ele>182.07</ele>
      </trkpt>
      <trkpt lat="41.91500952467322" lon="-87.63861805200577">
        <ele>182.02</ele>
      </trkpt>
      <trkpt lat="41.91469604149461" lon="-87.63860732316971">
        <ele>181.97</ele>
      </trkpt>
      <trkpt lat="41.91438255831599" lon="-87.63859667815268">
        <ele>181.92</ele>
      </trkpt>
      <trkpt lat="41.91406907513738" lon="-87.63858594931662">
        <ele>181.88</ele>
      </trkpt>
      <trkpt lat="41.91375559195876" lon="-87.63857522048056">
        <ele>181.84</ele>
      </trkpt>
      <trkpt lat="41.913442108780146" lon="-87.6385644916445">
        <ele>181.8</ele>
      </trkpt>
      <trkpt lat="41.91312862560153" lon="-87.63855376280844">
        <ele>181.77</ele>
      </trkpt>
      <trkpt lat="41.912815142422915" lon="-87.63854303397238">
        <ele>181.74</ele>
      </trkpt>
      <trkpt lat="41.9125016592443" lon="-87.63853230513632">
        <ele>181.71</ele>
      </trkpt>
      <trkpt lat="41.91218817606568" lon="-87.63852157630026">
        <ele>181.69</ele>
      </trkpt>
      <trkpt lat="41.9118747767061" lon="-87.6385108474642">
        <ele>181.66</ele>
      </trkpt>
      <trkpt lat="41.911561293527484" lon="-87.63850011862814">
        <ele>181.58</ele>
      </trkpt>
      <trkpt lat="41.911232974380255" lon="-87.63848897069693">
        <ele>181.56</ele>
      </trkpt>
      <trkpt lat="41.91121034324169" lon="-87.63808345422149">
        <ele>181.55</ele>
      </trkpt>
      <trkpt lat="41.91118771210313" lon="-87.63767793774605">
        <ele>181.55</ele>
      </trkpt>
      <trkpt lat="41.9111651647836" lon="-87.63727250508964">
        <ele>181.55</ele>
      </trkpt>
      <trkpt lat="41.911142533645034" lon="-87.6368669886142">
        <ele>181.59</ele>
      </trkpt>
      <trkpt lat="41.9111199863255" lon="-87.63646147213876">
        <ele>181.62</ele>
      </trkpt>
      <trkpt lat="41.91109735518694" lon="-87.63605595566332">
        <ele>181.62</ele>
      </trkpt>
      <trkpt lat="41.911074724048376" lon="-87.63565052300692">
        <ele>181.62</ele>
      </trkpt>
      <trkpt lat="41.911052176728845" lon="-87.63524500653148">
        <ele>181.61</ele>
      </trkpt>
      <trkpt lat="41.91102996468544" lon="-87.63484795577824">
        <ele>181.6</ele>
      </trkpt>
      <trkpt lat="41.91071857698262" lon="-87.63483613729477">
        <ele>181.58</ele>
      </trkpt>
      <trkpt lat="41.910407273098826" lon="-87.63482440263033">
        <ele>181.57</ele>
      </trkpt>
      <trkpt lat="41.910095969215035" lon="-87.63481258414686">
        <ele>181.55</ele>
      </trkpt>
      <trkpt lat="41.90978458151221" lon="-87.63480076566339">
        <ele>181.49</ele>
      </trkpt>
      <trkpt lat="41.90947327762842" lon="-87.63478894717991">
        <ele>181.43</ele>
      </trkpt>
      <trkpt lat="41.9091618899256" lon="-87.63477721251547">
        <ele>181.4</ele>
      </trkpt>
      <trkpt lat="41.90885058604181" lon="-87.634765394032">
        <ele>181.37</ele>
      </trkpt>
      <trkpt lat="41.908539198338985" lon="-87.63475357554853">
        <ele>181.33</ele>
      </trkpt>
      <trkpt lat="41.908227894455194" lon="-87.63474175706506">
        <ele>181.3</ele>
      </trkpt>
      <trkpt lat="41.90791650675237" lon="-87.63473002240062">
        <ele>181.26</ele>
      </trkpt>
      <trkpt lat="41.90760520286858" lon="-87.63471820391715">
        <ele>181.22</ele>
      </trkpt>
      <trkpt lat="41.90729381516576" lon="-87.63470638543367">
        <ele>181.18</ele>
      </trkpt>
      <trkpt lat="41.90698251128197" lon="-87.6346945669502">
        <ele>181.14</ele>
      </trkpt>
      <trkpt lat="41.906671207398176" lon="-87.63468283228576">
        <ele>181.09</ele>
      </trkpt>
      <trkpt lat="41.90635981969535" lon="-87.63467101380229">
        <ele>181.05</ele>
      </trkpt>
      <trkpt lat="41.90604851581156" lon="-87.63465919531882">
        <ele>180.99</ele>
      </trkpt>
      <trkpt lat="41.90573712810874" lon="-87.63464737683535">
        <ele>180.94</ele>
      </trkpt>
      <trkpt lat="41.90542582422495" lon="-87.6346356421709">
        <ele>180.88</ele>
      </trkpt>
      <trkpt lat="41.905114436522126" lon="-87.63462382368743">
        <ele>180.81</ele>
      </trkpt>
      <trkpt lat="41.904803132638335" lon="-87.63461200520396">
        <ele>180.74</ele>
      </trkpt>
      <trkpt lat="41.90449174493551" lon="-87.63460027053952">
        <ele>180.67</ele>
      </trkpt>
      <trkpt lat="41.90418044105172" lon="-87.63458845205605">
        <ele>180.59</ele>
      </trkpt>
      <trkpt lat="41.9038690533489" lon="-87.63457663357258">
        <ele>180.45</ele>
      </trkpt>
      <trkpt lat="41.90355774946511" lon="-87.6345648150891">
        <ele>180.35</ele>
      </trkpt>
      <trkpt lat="41.90324644558132" lon="-87.63455308042467">
        <ele>180.27</ele>
      </trkpt>
      <trkpt lat="41.902935057878494" lon="-87.6345412619412">
        <ele>180.18</ele>
      </trkpt>
      <trkpt lat="41.9026237539947" lon="-87.63452944345772">
        <ele>180.1</ele>
      </trkpt>
      <trkpt lat="41.90231236629188" lon="-87.63451762497425">
        <ele>180.01</ele>
      </trkpt>
      <trkpt lat="41.90200106240809" lon="-87.63450589030981">
        <ele>179.92</ele>
      </trkpt>
      <trkpt lat="41.90168967470527" lon="-87.63449407182634">
        <ele>179.84</ele>
      </trkpt>
      <trkpt lat="41.901378370821476" lon="-87.63448225334287">
        <ele>179.75</ele>
      </trkpt>
      <trkpt lat="41.90106698311865" lon="-87.6344704348594">
        <ele>179.67</ele>
      </trkpt>
      <trkpt lat="41.90075567923486" lon="-87.63445870019495">
        <ele>179.59</ele>
      </trkpt>
      <trkpt lat="41.90044429153204" lon="-87.63444688171148">
        <ele>179.5</ele>
      </trkpt>
      <trkpt lat="41.90013298764825" lon="-87.63443506322801">
        <ele>179.4</ele>
      </trkpt>
      <trkpt lat="41.89982168376446" lon="-87.63442332856357">
        <ele>179.29</ele>
      </trkpt>
      <trkpt lat="41.899510296061635" lon="-87.6344115100801">
        <ele>179.22</ele>
      </trkpt>
      <trkpt lat="41.899198992177844" lon="-87.63439969159663">
        <ele>179.16</ele>
      </trkpt>
      <trkpt lat="41.89888760447502" lon="-87.63438787311316">
        <ele>179.1</ele>
      </trkpt>
      <trkpt lat="41.89857630059123" lon="-87.63437613844872">
        <ele>179.05</ele>
      </trkpt>
      <trkpt lat="41.89826491288841" lon="-87.63436431996524">
        <ele>179.01</ele>
      </trkpt>
      <trkpt lat="41.89795360900462" lon="-87.63435250148177">
        <ele>178.98</ele>
      </trkpt>
      <trkpt lat="41.897642221301794" lon="-87.63434076681733">
        <ele>178.95</ele>
      </trkpt>
      <trkpt lat="41.897330917418" lon="-87.63432894833386">
        <ele>178.93</ele>
      </trkpt>
      <trkpt lat="41.89701952971518" lon="-87.63431712985039">
        <ele>178.92</ele>
      </trkpt>
      <trkpt lat="41.89670822583139" lon="-87.63430531136692">
        <ele>178.91</ele>
      </trkpt>
      <trkpt lat="41.8963969219476" lon="-87.63429357670248">
        <ele>178.91</ele>
      </trkpt>
      <trkpt lat="41.896085534244776" lon="-87.634281758219">
        <ele>178.92</ele>
      </trkpt>
      <trkpt lat="41.895774230360985" lon="-87.63426993973553">
        <ele>178.93</ele>
      </trkpt>
      <trkpt lat="41.89546284265816" lon="-87.63425820507109">
        <ele>178.94</ele>
      </trkpt>
      <trkpt lat="41.89515153877437" lon="-87.63424638658762">
        <ele>178.95</ele>
      </trkpt>
      <trkpt lat="41.89484015107155" lon="-87.63423456810415">
        <ele>178.97</ele>
      </trkpt>
      <trkpt lat="41.89452884718776" lon="-87.63422274962068">
        <ele>178.99</ele>
      </trkpt>
      <trkpt lat="41.894217459484935" lon="-87.63421101495624">
        <ele>179.01</ele>
      </trkpt>
      <trkpt lat="41.893906155601144" lon="-87.63419919647276">
        <ele>179.03</ele>
      </trkpt>
      <trkpt lat="41.89359485171735" lon="-87.63418737798929">
        <ele>179.05</ele>
      </trkpt>
      <trkpt lat="41.89328346401453" lon="-87.63417564332485">
        <ele>179.07</ele>
      </trkpt>
      <trkpt lat="41.89294693060219" lon="-87.63416298665106">
        <ele>179.08</ele>
      </trkpt>
      <trkpt lat="41.89263998530805" lon="-87.63414865359664">
        <ele>179.1</ele>
      </trkpt>
      <trkpt lat="41.89233295619488" lon="-87.63413440436125">
        <ele>179.1</ele>
      </trkpt>
      <trkpt lat="41.892025927081704" lon="-87.63412015512586">
        <ele>179.11</ele>
      </trkpt>
      <trkpt lat="41.89171898178756" lon="-87.63410590589046">
        <ele>179.11</ele>
      </trkpt>
      <trkpt lat="41.89141195267439" lon="-87.63409165665507">
        <ele>179.1</ele>
      </trkpt>
      <trkpt lat="41.891104923561215" lon="-87.63407732360065">
        <ele>179.08</ele>
      </trkpt>
      <trkpt lat="41.89079496078193" lon="-87.63406299054623">
        <ele>179.1</ele>
      </trkpt>
      <trkpt lat="41.89050025306642" lon="-87.63405838049948">
        <ele>179.1</ele>
      </trkpt>
      <trkpt lat="41.89020546153188" lon="-87.63405377045274">
        <ele>179.06</ele>
      </trkpt>
      <trkpt lat="41.889910753816366" lon="-87.634049160406">
        <ele>179.01</ele>
      </trkpt>
      <trkpt lat="41.88961596228182" lon="-87.63404455035925">
        <ele>178.96</ele>
      </trkpt>
      <trkpt lat="41.88932125456631" lon="-87.6340399403125">
        <ele>178.9</ele>
      </trkpt>
      <trkpt lat="41.8890265468508" lon="-87.63403533026576">
        <ele>178.79</ele>
      </trkpt>
      <trkpt lat="41.88873175531626" lon="-87.63403072021902">
        <ele>178.63</ele>
      </trkpt>
      <trkpt lat="41.888437047600746" lon="-87.63402611017227">
        <ele>178.55</ele>
      </trkpt>
      <trkpt lat="41.8881422560662" lon="-87.63402150012553">
        <ele>178.45</ele>
      </trkpt>
      <trkpt lat="41.88784754835069" lon="-87.63401689007878">
        <ele>178.38</ele>
      </trkpt>
      <trkpt lat="41.88755275681615" lon="-87.63401228003204">
        <ele>178.28</ele>
      </trkpt>
      <trkpt lat="41.88725804910064" lon="-87.6340076699853">
        <ele>178.32</ele>
      </trkpt>
      <trkpt lat="41.886957976967096" lon="-87.63400297611952">
        <ele>178.51</ele>
      </trkpt>
      <trkpt lat="41.88692537136376" lon="-87.6343406829983">
        <ele>178.54</ele>
      </trkpt>
      <trkpt lat="41.88689284957945" lon="-87.63467847369611">
        <ele>178.57</ele>
      </trkpt>
      <trkpt lat="41.886860243976116" lon="-87.63501626439393">
        <ele>178.59</ele>
      </trkpt>
      <trkpt lat="41.886827973648906" lon="-87.63535095378757">
        <ele>178.54</ele>
      </trkpt>
      <trkpt lat="41.88663267530501" lon="-87.63563049025834">
        <ele>178.51</ele>
      </trkpt>
      <trkpt lat="41.88643729314208" lon="-87.63591011054814">
        <ele>178.53</ele>
      </trkpt>
      <trkpt lat="41.88624199479818" lon="-87.63618964701891">
        <ele>178.54</ele>
      </trkpt>
      <trkpt lat="41.88604669645429" lon="-87.63646926730871">
        <ele>178.52</ele>
      </trkpt>
      <trkpt lat="41.88585198484361" lon="-87.63674796558917">
        <ele>178.45</ele>
      </trkpt>
      <trkpt lat="41.885567754507065" lon="-87.63680906966329">
        <ele>178.46</ele>
      </trkpt>
      <trkpt lat="41.88528352417052" lon="-87.6368701737374">
        <ele>178.48</ele>
      </trkpt>
      <trkpt lat="41.88499929383397" lon="-87.63693136163056">
        <ele>178.49</ele>
      </trkpt>
      <trkpt lat="41.884715063497424" lon="-87.63699246570468">
        <ele>178.49</ele>
      </trkpt>
      <trkpt lat="41.88442898914218" lon="-87.63705398887396">
        <ele>178.5</ele>
      </trkpt>
      <trkpt lat="41.88411575742066" lon="-87.63704787008464">
        <ele>178.51</ele>
      </trkpt>
      <trkpt lat="41.8841153383255" lon="-87.63704778626561">
        <ele>178.53</ele>
      </trkpt>
      <trkpt lat="41.88380260951817" lon="-87.63704175129533">
        <ele>178.62</ele>
      </trkpt>
      <trkpt lat="41.88348937779665" lon="-87.63703563250601">
        <ele>178.65</ele>
      </trkpt>
      <trkpt lat="41.88317622989416" lon="-87.6370295137167">
        <ele>178.67</ele>
      </trkpt>
      <trkpt lat="41.88286299817264" lon="-87.63702339492738">
        <ele>178.7</ele>
      </trkpt>
      <trkpt lat="41.88254985027015" lon="-87.63701727613807">
        <ele>178.72</ele>
      </trkpt>
      <trkpt lat="41.88223661854863" lon="-87.63701115734875">
        <ele>178.74</ele>
      </trkpt>
      <trkpt lat="41.88192347064614" lon="-87.63700503855944">
        <ele>178.76</ele>
      </trkpt>
      <trkpt lat="41.88161023892462" lon="-87.63699891977012">
        <ele>178.77</ele>
      </trkpt>
      <trkpt lat="41.881297091022134" lon="-87.6369928009808">
        <ele>178.78</ele>
      </trkpt>
      <trkpt lat="41.88098385930061" lon="-87.63698668219149">
        <ele>178.79</ele>
      </trkpt>
      <trkpt lat="41.880670711398125" lon="-87.63698056340218">
        <ele>178.8</ele>
      </trkpt>
      <trkpt lat="41.880357563495636" lon="-87.63697444461286">
        <ele>178.79</ele>
      </trkpt>
      <trkpt lat="41.880044331774116" lon="-87.63696832582355">
        <ele>178.79</ele>
      </trkpt>
      <trkpt lat="41.87973118387163" lon="-87.63696220703423">
        <ele>178.8</ele>
      </trkpt>
      <trkpt lat="41.879410995170474" lon="-87.63695592060685">
        <ele>178.8</ele>
      </trkpt>
      <trkpt lat="41.87940336763859" lon="-87.63737753033638">
        <ele>178.72</ele>
      </trkpt>
      <trkpt lat="41.879395823925734" lon="-87.63779905624688">
        <ele>178.63</ele>
      </trkpt>
      <trkpt lat="41.87938819639385" lon="-87.63822058215737">
        <ele>178.64</ele>
      </trkpt>
      <trkpt lat="41.87938065268099" lon="-87.63864210806787">
        <ele>178.72</ele>
      </trkpt>
      <trkpt lat="41.87937310896814" lon="-87.63906363397837">
        <ele>178.83</ele>
      </trkpt>
      <trkpt lat="41.87936548143625" lon="-87.63948515988886">
        <ele>178.93</ele>
      </trkpt>
      <trkpt lat="41.8793579377234" lon="-87.63990676961839">
        <ele>178.99</ele>
      </trkpt>
      <trkpt lat="41.879350394010544" lon="-87.64032829552889">
        <ele>179.05</ele>
      </trkpt>
      <trkpt lat="41.87934276647866" lon="-87.64074982143939">
        <ele>179.12</ele>
      </trkpt>
      <trkpt lat="41.8793352227658" lon="-87.64117134734988">
        <ele>179.11</ele>
      </trkpt>
      <trkpt lat="41.87932767905295" lon="-87.64159287326038">
        <ele>179.08</ele>
      </trkpt>
      <trkpt lat="41.87932005152106" lon="-87.64201448298991">
        <ele>179.04</ele>
      </trkpt>
      <trkpt lat="41.87931250780821" lon="-87.6424360089004">
        <ele>178.91</ele>
      </trkpt>
      <trkpt lat="41.879304964095354" lon="-87.6428575348109">
        <ele>178.84</ele>
      </trkpt>
      <trkpt lat="41.87929733656347" lon="-87.6432790607214">
        <ele>178.72</ele>
      </trkpt>
      <trkpt lat="41.879289792850614" lon="-87.6437005866319">
        <ele>178.6</ele>
      </trkpt>
      <trkpt lat="41.87928216531873" lon="-87.64412211254239">
        <ele>178.47</ele>
      </trkpt>
      <trkpt lat="41.87927462160587" lon="-87.64454372227192">
        <ele>178.35</ele>
      </trkpt>
      <trkpt lat="41.87926707789302" lon="-87.64496524818242">
        <ele>178.22</ele>
      </trkpt>
      <trkpt lat="41.87925945036113" lon="-87.64538677409291">
        <ele>178.15</ele>
      </trkpt>
      <trkpt lat="41.87925190664828" lon="-87.64580830000341">
        <ele>178.05</ele>
      </trkpt>
      <trkpt lat="41.879244362935424" lon="-87.6462298259139">
        <ele>178.13</ele>
      </trkpt>
      <trkpt lat="41.87923673540354" lon="-87.6466513518244">
        <ele>178.14</ele>
      </trkpt>
      <trkpt lat="41.87922919169068" lon="-87.64707296155393">
        <ele>178.19</ele>
      </trkpt>
      <trkpt lat="41.87922164797783" lon="-87.64749448746443">
        <ele>178.23</ele>
      </trkpt>
      <trkpt lat="41.87921402044594" lon="-87.64791601337492">
        <ele>178.33</ele>
      </trkpt>
      <trkpt lat="41.87920647673309" lon="-87.64833753928542">
        <ele>178.44</ele>
      </trkpt>
      <trkpt lat="41.8791988492012" lon="-87.64875906519592">
        <ele>178.53</ele>
      </trkpt>
      <trkpt lat="41.87919130548835" lon="-87.64918059110641">
        <ele>178.64</ele>
      </trkpt>
      <trkpt lat="41.879183761775494" lon="-87.64960211701691">
        <ele>178.76</ele>
      </trkpt>
      <trkpt lat="41.87917613424361" lon="-87.65002372674644">
        <ele>178.89</ele>
      </trkpt>
      <trkpt lat="41.87916859053075" lon="-87.65044525265694">
        <ele>179.03</ele>
      </trkpt>
      <trkpt lat="41.8791610468179" lon="-87.65086677856743">
        <ele>179.18</ele>
      </trkpt>
      <trkpt lat="41.87915341928601" lon="-87.65128830447793">
        <ele>179.35</ele>
      </trkpt>
      <trkpt lat="41.87914587557316" lon="-87.65170983038843">
        <ele>179.55</ele>
      </trkpt>
      <trkpt lat="41.879138331860304" lon="-87.65213135629892">
        <ele>179.71</ele>
      </trkpt>
      <trkpt lat="41.87913070432842" lon="-87.65255296602845">
        <ele>179.87</ele>
      </trkpt>
      <trkpt lat="41.87912316061556" lon="-87.65297449193895">
        <ele>180.02</ele>
      </trkpt>
      <trkpt lat="41.87911553308368" lon="-87.65339601784945">
        <ele>180.17</ele>
      </trkpt>
      <trkpt lat="41.87910798937082" lon="-87.65381754375994">
        <ele>180.34</ele>
      </trkpt>
      <trkpt lat="41.87910044565797" lon="-87.65423906967044">
        <ele>180.51</ele>
      </trkpt>
      <trkpt lat="41.87909281812608" lon="-87.65466059558094">
        <ele>180.64</ele>
      </trkpt>
      <trkpt lat="41.87908527441323" lon="-87.65508220531046">
        <ele>180.75</ele>
      </trkpt>
      <trkpt lat="41.879077730700374" lon="-87.65550373122096">
        <ele>180.85</ele>
      </trkpt>
      <trkpt lat="41.87907010316849" lon="-87.65592525713146">
        <ele>180.94</ele>
      </trkpt>
      <trkpt lat="41.87906255945563" lon="-87.65634678304195">
        <ele>181.02</ele>
      </trkpt>
      <trkpt lat="41.87905501574278" lon="-87.65676830895245">
        <ele>181.09</ele>
      </trkpt>
      <trkpt lat="41.87904738821089" lon="-87.65718983486295">
        <ele>181.14</ele>
      </trkpt>
      <trkpt lat="41.87903984449804" lon="-87.65761136077344">
        <ele>181.19</ele>
      </trkpt>
      <trkpt lat="41.879032300785184" lon="-87.65803297050297">
        <ele>181.22</ele>
      </trkpt>
      <trkpt lat="41.8790246732533" lon="-87.65845449641347">
        <ele>181.25</ele>
      </trkpt>
      <trkpt lat="41.87901712954044" lon="-87.65887602232397">
        <ele>181.27</ele>
      </trkpt>
      <trkpt lat="41.87900950200856" lon="-87.65929754823446">
        <ele>181.28</ele>
      </trkpt>
      <trkpt lat="41.8790019582957" lon="-87.65971907414496">
        <ele>181.28</ele>
      </trkpt>
      <trkpt lat="41.87899441458285" lon="-87.66014060005546">
        <ele>181.28</ele>
      </trkpt>
      <trkpt lat="41.87898678705096" lon="-87.66056212596595">
        <ele>181.27</ele>
      </trkpt>
      <trkpt lat="41.87897924333811" lon="-87.66098373569548">
        <ele>181.26</ele>
      </trkpt>
      <trkpt lat="41.878971699625254" lon="-87.66140526160598">
        <ele>181.25</ele>
      </trkpt>
      <trkpt lat="41.87896407209337" lon="-87.66182678751647">
        <ele>181.23</ele>
      </trkpt>
      <trkpt lat="41.87895652838051" lon="-87.66224831342697">
        <ele>181.21</ele>
      </trkpt>
      <trkpt lat="41.87894898466766" lon="-87.66266983933747">
        <ele>181.18</ele>
      </trkpt>
      <trkpt lat="41.87894135713577" lon="-87.66309136524796">
        <ele>181.16</ele>
      </trkpt>
      <trkpt lat="41.87893381342292" lon="-87.66351289115846">
        <ele>181.13</ele>
      </trkpt>
      <trkpt lat="41.87892618589103" lon="-87.66393450088799">
        <ele>181.1</ele>
      </trkpt>
      <trkpt lat="41.87891864217818" lon="-87.66435602679849">
        <ele>181.08</ele>
      </trkpt>
      <trkpt lat="41.87891109846532" lon="-87.66477755270898">
        <ele>181.05</ele>
      </trkpt>
      <trkpt lat="41.87890347093344" lon="-87.66519907861948">
        <ele>181.02</ele>
      </trkpt>
      <trkpt lat="41.87889592722058" lon="-87.66562060452998">
        <ele>180.99</ele>
      </trkpt>
      <trkpt lat="41.87888838350773" lon="-87.66604213044047">
        <ele>180.96</ele>
      </trkpt>
      <trkpt lat="41.87888075597584" lon="-87.66646365635097">
        <ele>180.93</ele>
      </trkpt>
      <trkpt lat="41.87887321226299" lon="-87.6668852660805">
        <ele>180.9</ele>
      </trkpt>
      <trkpt lat="41.878865668550134" lon="-87.667306791991">
        <ele>180.82</ele>
      </trkpt>
      <trkpt lat="41.87885804101825" lon="-87.66772831790149">
        <ele>180.78</ele>
      </trkpt>
      <trkpt lat="41.87885049730539" lon="-87.66814984381199">
        <ele>180.75</ele>
      </trkpt>
      <trkpt lat="41.87884286977351" lon="-87.66857136972249">
        <ele>180.77</ele>
      </trkpt>
      <trkpt lat="41.87883532606065" lon="-87.66899289563298">
        <ele>180.77</ele>
      </trkpt>
      <trkpt lat="41.8788277823478" lon="-87.66941442154348">
        <ele>180.74</ele>
      </trkpt>
      <trkpt lat="41.87882015481591" lon="-87.66983594745398">
        <ele>180.72</ele>
      </trkpt>
      <trkpt lat="41.87881261110306" lon="-87.6702575571835">
        <ele>180.68</ele>
      </trkpt>
      <trkpt lat="41.8788050673902" lon="-87.670679083094">
        <ele>180.64</ele>
      </trkpt>
      <trkpt lat="41.87879743985832" lon="-87.6711006090045">
        <ele>180.6</ele>
      </trkpt>
      <trkpt lat="41.87878989614546" lon="-87.671522134915">
        <ele>180.55</ele>
      </trkpt>
      <trkpt lat="41.87878235243261" lon="-87.67194366082549">
        <ele>180.51</ele>
      </trkpt>
      <trkpt lat="41.87877472490072" lon="-87.67236518673599">
        <ele>180.4</ele>
      </trkpt>
      <trkpt lat="41.87876718118787" lon="-87.67278671264648">
        <ele>180.34</ele>
      </trkpt>
      <trkpt lat="41.878759637475014" lon="-87.67320823855698">
        <ele>180.29</ele>
      </trkpt>
      <trkpt lat="41.87875200994313" lon="-87.67362984828651">
        <ele>180.23</ele>
      </trkpt>
      <trkpt lat="41.87874446623027" lon="-87.674051374197">
        <ele>180.18</ele>
      </trkpt>
      <trkpt lat="41.87873683869839" lon="-87.6744729001075">
        <ele>180.12</ele>
      </trkpt>
      <trkpt lat="41.87872929498553" lon="-87.674894426018">
        <ele>180.06</ele>
      </trkpt>
      <trkpt lat="41.87872175127268" lon="-87.6753159519285">
        <ele>180.0</ele>
      </trkpt>
      <trkpt lat="41.87871412374079" lon="-87.675737477839">
        <ele>179.95</ele>
      </trkpt>
      <trkpt lat="41.87870658002794" lon="-87.67615900374949">
        <ele>179.88</ele>
      </trkpt>
      <trkpt lat="41.87869392335415" lon="-87.67648799344897">
        <ele>179.82</ele>
      </trkpt>
      <trkpt lat="41.87848228029907" lon="-87.67648531123996">
        <ele>179.76</ele>
      </trkpt>
      <trkpt lat="41.878270553424954" lon="-87.67648262903094">
        <ele>179.7</ele>
      </trkpt>
      <trkpt lat="41.878057988360524" lon="-87.67647994682193">
        <ele>179.63</ele>
      </trkpt>
      <trkpt lat="41.87779580242932" lon="-87.67646050080657">
        <ele>179.57</ele>
      </trkpt>
      <trkpt lat="41.87753294594586" lon="-87.67644097097218">
        <ele>179.51</ele>
      </trkpt>
      <trkpt lat="41.87753789126873" lon="-87.67602422274649">
        <ele>179.45</ele>
      </trkpt>
      <trkpt lat="41.87754292041063" lon="-87.67560755833983">
        <ele>179.39</ele>
      </trkpt>
      <trkpt lat="41.877547865733504" lon="-87.67519089393318">
        <ele>179.31</ele>
      </trkpt>
      <trkpt lat="41.877552811056376" lon="-87.67477414570749">
        <ele>179.21</ele>
      </trkpt>
      <trkpt lat="41.87755775637925" lon="-87.67435748130083">
        <ele>179.17</ele>
      </trkpt>
      <trkpt lat="41.87756270170212" lon="-87.67394081689417">
        <ele>179.14</ele>
      </trkpt>
      <trkpt lat="41.87756773084402" lon="-87.67352406866848">
        <ele>179.1</ele>
      </trkpt>
      <trkpt lat="41.87757267616689" lon="-87.67310740426183">
        <ele>179.07</ele>
      </trkpt>
      <trkpt lat="41.87757762148976" lon="-87.67269073985517">
        <ele>179.07</ele>
      </trkpt>
      <trkpt lat="41.877582566812634" lon="-87.67227399162948">
        <ele>179.08</ele>
      </trkpt>
      <trkpt lat="41.877587512135506" lon="-87.67185732722282">
        <ele>179.11</ele>
      </trkpt>
      <trkpt lat="41.87759254127741" lon="-87.67144057899714">
        <ele>179.17</ele>
      </trkpt>
      <trkpt lat="41.87759748660028" lon="-87.67102391459048">
        <ele>179.21</ele>
      </trkpt>
      <trkpt lat="41.87760243192315" lon="-87.67060725018382">
        <ele>179.3</ele>
      </trkpt>
      <trkpt lat="41.87760737724602" lon="-87.67019050195813">
        <ele>179.36</ele>
      </trkpt>
      <trkpt lat="41.877612406387925" lon="-87.66977383755147">
        <ele>179.45</ele>
      </trkpt>
      <trkpt lat="41.877617351710796" lon="-87.66935717314482">
        <ele>179.51</ele>
      </trkpt>
      <trkpt lat="41.87762229703367" lon="-87.66894042491913">
        <ele>179.57</ele>
      </trkpt>
      <trkpt lat="41.87762724235654" lon="-87.66852376051247">
        <ele>179.63</ele>
      </trkpt>
      <trkpt lat="41.87763218767941" lon="-87.66810701228678">
        <ele>179.68</ele>
      </trkpt>
      <trkpt lat="41.87763721682131" lon="-87.66769034788013">
        <ele>179.74</ele>
      </trkpt>
      <trkpt lat="41.877642162144184" lon="-87.66727368347347">
        <ele>179.79</ele>
      </trkpt>
      <trkpt lat="41.877647107467055" lon="-87.66685693524778">
        <ele>179.83</ele>
      </trkpt>
      <trkpt lat="41.87765205278993" lon="-87.66644027084112">
        <ele>179.88</ele>
      </trkpt>
      <trkpt lat="41.8776569981128" lon="-87.66602360643446">
        <ele>179.91</ele>
      </trkpt>
      <trkpt lat="41.8776620272547" lon="-87.66560685820878">
        <ele>179.95</ele>
      </trkpt>
      <trkpt lat="41.87766697257757" lon="-87.66519019380212">
        <ele>179.98</ele>
      </trkpt>
      <trkpt lat="41.87767191790044" lon="-87.66477344557643">
        <ele>180.0</ele>
      </trkpt>
      <trkpt lat="41.877676863223314" lon="-87.66435678116977">
        <ele>180.03</ele>
      </trkpt>
      <trkpt lat="41.87768189236522" lon="-87.66394011676311">
        <ele>180.05</ele>
      </trkpt>
      <trkpt lat="41.87768683768809" lon="-87.66352336853743">
        <ele>180.07</ele>
      </trkpt>
      <trkpt lat="41.87769178301096" lon="-87.66310670413077">
        <ele>180.09</ele>
      </trkpt>
      <trkpt lat="41.87769672833383" lon="-87.66269003972411">
        <ele>180.11</ele>
      </trkpt>
      <trkpt lat="41.8777016736567" lon="-87.66227329149842">
        <ele>180.13</ele>
      </trkpt>
      <trkpt lat="41.877706702798605" lon="-87.66185662709177">
        <ele>180.14</ele>
      </trkpt>
      <trkpt lat="41.877711648121476" lon="-87.66143987886608">
        <ele>180.15</ele>
      </trkpt>
      <trkpt lat="41.87771659344435" lon="-87.66102321445942">
        <ele>180.16</ele>
      </trkpt>
      <trkpt lat="41.87772153876722" lon="-87.66060655005276">
        <ele>180.17</ele>
      </trkpt>
      <trkpt lat="41.87772648409009" lon="-87.66018980182707">
        <ele>180.18</ele>
      </trkpt>
      <trkpt lat="41.87773151323199" lon="-87.65977313742042">
        <ele>180.19</ele>
      </trkpt>
      <trkpt lat="41.877736458554864" lon="-87.65935647301376">
        <ele>180.19</ele>
      </trkpt>
      <trkpt lat="41.877741403877735" lon="-87.65893972478807">
        <ele>180.2</ele>
      </trkpt>
      <trkpt lat="41.877746349200606" lon="-87.65852306038141">
        <ele>180.16</ele>
      </trkpt>
      <trkpt lat="41.87775137834251" lon="-87.65810631215572">
        <ele>180.19</ele>
      </trkpt>
      <trkpt lat="41.87775632366538" lon="-87.65768964774907">
        <ele>180.19</ele>
      </trkpt>
      <trkpt lat="41.87776126898825" lon="-87.65727298334241">
        <ele>180.18</ele>
      </trkpt>
      <trkpt lat="41.87776621431112" lon="-87.65685623511672">
        <ele>180.16</ele>
      </trkpt>
      <trkpt lat="41.877771159633994" lon="-87.65643957071006">
        <ele>180.14</ele>
      </trkpt>
      <trkpt lat="41.8777761887759" lon="-87.6560229063034">
        <ele>180.12</ele>
      </trkpt>
      <trkpt lat="41.87778113409877" lon="-87.65560615807772">
        <ele>180.1</ele>
      </trkpt>
      <trkpt lat="41.87778607942164" lon="-87.65518949367106">
        <ele>180.04</ele>
      </trkpt>
      <trkpt lat="41.87779102474451" lon="-87.65477274544537">
        <ele>180.0</ele>
      </trkpt>
      <trkpt lat="41.87779597006738" lon="-87.65435608103871">
        <ele>179.94</ele>
      </trkpt>
      <trkpt lat="41.877800999209285" lon="-87.65393941663206">
        <ele>179.87</ele>
      </trkpt>
      <trkpt lat="41.877805944532156" lon="-87.65352266840637">
        <ele>179.8</ele>
      </trkpt>
      <trkpt lat="41.87781088985503" lon="-87.65310600399971">
        <ele>179.72</ele>
      </trkpt>
      <trkpt lat="41.8778158351779" lon="-87.65268925577402">
        <ele>179.63</ele>
      </trkpt>
      <trkpt lat="41.8778208643198" lon="-87.65227259136736">
        <ele>179.53</ele>
      </trkpt>
      <trkpt lat="41.87782580964267" lon="-87.6518559269607">
        <ele>179.39</ele>
      </trkpt>
      <trkpt lat="41.877830754965544" lon="-87.65143917873502">
        <ele>179.27</ele>
      </trkpt>
      <trkpt lat="41.877835700288415" lon="-87.65102251432836">
        <ele>179.22</ele>
      </trkpt>
      <trkpt lat="41.877840645611286" lon="-87.65060576610267">
        <ele>179.04</ele>
      </trkpt>
      <trkpt lat="41.87784567475319" lon="-87.65018910169601">
        <ele>178.94</ele>
      </trkpt>
      <trkpt lat="41.87785062007606" lon="-87.64977243728936">
        <ele>178.83</ele>
      </trkpt>
      <trkpt lat="41.87785556539893" lon="-87.64935568906367">
        <ele>178.73</ele>
      </trkpt>
      <trkpt lat="41.8778605107218" lon="-87.64893902465701">
        <ele>178.63</ele>
      </trkpt>
      <trkpt lat="41.877865456044674" lon="-87.64852236025035">
        <ele>178.55</ele>
      </trkpt>
      <trkpt lat="41.87787048518658" lon="-87.64810561202466">
        <ele>178.47</ele>
      </trkpt>
      <trkpt lat="41.87787543050945" lon="-87.64768894761801">
        <ele>178.4</ele>
      </trkpt>
      <trkpt lat="41.87787593342364" lon="-87.64733992516994">
        <ele>178.35</ele>
      </trkpt>
      <trkpt lat="41.87756177969277" lon="-87.64733036980033">
        <ele>178.32</ele>
      </trkpt>
      <trkpt lat="41.87724754214287" lon="-87.64732081443071">
        <ele>178.25</ele>
      </trkpt>
      <trkpt lat="41.87693330459297" lon="-87.6473112590611">
        <ele>178.23</ele>
      </trkpt>
      <trkpt lat="41.876619067043066" lon="-87.64730170369148">
        <ele>178.25</ele>
      </trkpt>
      <trkpt lat="41.8763049133122" lon="-87.64729214832187">
        <ele>178.23</ele>
      </trkpt>
      <trkpt lat="41.875990675762296" lon="-87.64728259295225">
        <ele>178.31</ele>
      </trkpt>
      <trkpt lat="41.875676438212395" lon="-87.64727303758264">
        <ele>178.4</ele>
      </trkpt>
      <trkpt lat="41.875362284481525" lon="-87.64726348221302">
        <ele>178.56</ele>
      </trkpt>
      <trkpt lat="41.875048046931624" lon="-87.64725384302437">
        <ele>178.77</ele>
      </trkpt>
      <trkpt lat="41.87473380938172" lon="-87.64724428765476">
        <ele>179.01</ele>
      </trkpt>
      <trkpt lat="41.87441957183182" lon="-87.64723473228514">
        <ele>179.18</ele>
      </trkpt>
      <trkpt lat="41.87410541810095" lon="-87.64722517691553">
        <ele>179.37</ele>
      </trkpt>
      <trkpt lat="41.87379118055105" lon="-87.64721562154591">
        <ele>179.55</ele>
      </trkpt>
      <trkpt lat="41.87347694300115" lon="-87.6472060661763">
        <ele>179.73</ele>
      </trkpt>
      <trkpt lat="41.87316270545125" lon="-87.64719651080668">
        <ele>179.93</ele>
      </trkpt>
      <trkpt lat="41.87284855172038" lon="-87.64718695543706">
        <ele>180.15</ele>
      </trkpt>
      <trkpt lat="41.87253431417048" lon="-87.64717740006745">
        <ele>180.31</ele>
      </trkpt>
      <trkpt lat="41.87222007662058" lon="-87.6471677608788">
        <ele>180.46</ele>
      </trkpt>
      <trkpt lat="41.87190592288971" lon="-87.64715820550919">
        <ele>180.6</ele>
      </trkpt>
      <trkpt lat="41.87159168533981" lon="-87.64714865013957">
        <ele>180.73</ele>
      </trkpt>
      <trkpt lat="41.87158305197954" lon="-87.64714831486344">
        <ele>180.83</ele>
      </trkpt>
      <trkpt lat="41.87158296816051" lon="-87.64714831486344">
        <ele>180.84</ele>
      </trkpt>
      <trkpt lat="41.87127744778991" lon="-87.64713909476995">
        <ele>180.94</ele>
      </trkpt>
      <trkpt lat="41.870963210240006" lon="-87.64712953940034">
        <ele>181.03</ele>
      </trkpt>
      <trkpt lat="41.87064905650914" lon="-87.64711998403072">
        <ele>181.1</ele>
      </trkpt>
      <trkpt lat="41.870334818959236" lon="-87.64711042866111">
        <ele>181.16</ele>
      </trkpt>
      <trkpt lat="41.870020581409335" lon="-87.64710087329149">
        <ele>181.21</ele>
      </trkpt>
      <trkpt lat="41.86969494447112" lon="-87.64709098264575">
        <ele>181.24</ele>
      </trkpt>
      <trkpt lat="41.869682874530554" lon="-87.64750462956727">
        <ele>181.27</ele>
      </trkpt>
      <trkpt lat="41.86967080458999" lon="-87.64791827648878">
        <ele>181.28</ele>
      </trkpt>
      <trkpt lat="41.86965865083039" lon="-87.6483319234103">
        <ele>181.29</ele>
      </trkpt>
      <trkpt lat="41.86964658088982" lon="-87.64874557033181">
        <ele>181.3</ele>
      </trkpt>
      <trkpt lat="41.869634510949254" lon="-87.64915921725333">
        <ele>181.29</ele>
      </trkpt>
      <trkpt lat="41.86962244100869" lon="-87.64957286417484">
        <ele>181.28</ele>
      </trkpt>
      <trkpt lat="41.86961037106812" lon="-87.64998651109636">
        <ele>181.27</ele>
      </trkpt>
      <trkpt lat="41.86959821730852" lon="-87.65040015801787">
        <ele>181.25</ele>
      </trkpt>
      <trkpt lat="41.869586147367954" lon="-87.65081380493939">
        <ele>181.23</ele>
      </trkpt>
      <trkpt lat="41.86957407742739" lon="-87.6512274518609">
        <ele>181.21</ele>
      </trkpt>
      <trkpt lat="41.86956200748682" lon="-87.65164109878242">
        <ele>181.19</ele>
      </trkpt>
      <trkpt lat="41.86954985372722" lon="-87.65205474570394">
        <ele>181.17</ele>
      </trkpt>
      <trkpt lat="41.869537783786654" lon="-87.65246839262545">
        <ele>181.15</ele>
      </trkpt>
      <trkpt lat="41.86952571384609" lon="-87.65288203954697">
        <ele>181.13</ele>
      </trkpt>
      <trkpt lat="41.86951364390552" lon="-87.65329568646848">
        <ele>181.11</ele>
      </trkpt>
      <trkpt lat="41.86950157396495" lon="-87.65370933339">
        <ele>181.09</ele>
      </trkpt>
      <trkpt lat="41.869489420205355" lon="-87.65412298031151">
        <ele>181.07</ele>
      </trkpt>
      <trkpt lat="41.86947735026479" lon="-87.65453662723303">
        <ele>181.06</ele>
      </trkpt>
      <trkpt lat="41.86946528032422" lon="-87.65495027415454">
        <ele>181.04</ele>
      </trkpt>
      <trkpt lat="41.869453210383654" lon="-87.65536392107606">
        <ele>181.03</ele>
      </trkpt>
      <trkpt lat="41.869441056624055" lon="-87.65577756799757">
        <ele>181.01</ele>
      </trkpt>
      <trkpt lat="41.86942898668349" lon="-87.65619121491909">
        <ele>181.0</ele>
      </trkpt>
      <trkpt lat="41.86941691674292" lon="-87.6566048618406">
        <ele>180.99</ele>
      </trkpt>
      <trkpt lat="41.869404846802354" lon="-87.65701850876212">
        <ele>180.98</ele>
      </trkpt>
      <trkpt lat="41.86939277686179" lon="-87.65743215568364">
        <ele>180.97</ele>
      </trkpt>
      <trkpt lat="41.86938062310219" lon="-87.65784580260515">
        <ele>180.96</ele>
      </trkpt>
      <trkpt lat="41.86936855316162" lon="-87.65825944952667">
        <ele>180.95</ele>
      </trkpt>
      <trkpt lat="41.869356483221054" lon="-87.65867309644818">
        <ele>180.94</ele>
      </trkpt>
      <trkpt lat="41.86934441328049" lon="-87.6590867433697">
        <ele>180.93</ele>
      </trkpt>
      <trkpt lat="41.86933225952089" lon="-87.65950039029121">
        <ele>180.92</ele>
      </trkpt>
      <trkpt lat="41.86932018958032" lon="-87.65991403721273">
        <ele>180.91</ele>
      </trkpt>
      <trkpt lat="41.869308119639754" lon="-87.66032776795328">
        <ele>180.9</ele>
      </trkpt>
      <trkpt lat="41.86929604969919" lon="-87.66074141487479">
        <ele>180.89</ele>
      </trkpt>
      <trkpt lat="41.86928397975862" lon="-87.66115506179631">
        <ele>180.88</ele>
      </trkpt>
      <trkpt lat="41.869271993637085" lon="-87.66153492964804">
        <ele>180.87</ele>
      </trkpt>
      <trkpt lat="41.868978291749954" lon="-87.66153258271515">
        <ele>180.86</ele>
      </trkpt>
      <trkpt lat="41.86868458986282" lon="-87.66153023578227">
        <ele>180.85</ele>
      </trkpt>
      <trkpt lat="41.868390971794724" lon="-87.66152780503035">
        <ele>180.84</ele>
      </trkpt>
      <trkpt lat="41.868097269907594" lon="-87.66152545809746">
        <ele>180.83</ele>
      </trkpt>
      <trkpt lat="41.867803651839495" lon="-87.66152302734554">
        <ele>180.82</ele>
      </trkpt>
      <trkpt lat="41.867509949952364" lon="-87.66152068041265">
        <ele>180.82</ele>
      </trkpt>
      <trkpt lat="41.867216331884265" lon="-87.66151824966073">
        <ele>180.81</ele>
      </trkpt>
      <trkpt lat="41.866922629997134" lon="-87.66151590272784">
        <ele>180.81</ele>
      </trkpt>
      <trkpt lat="41.86662892811" lon="-87.66151355579495">
        <ele>180.82</ele>
      </trkpt>
      <trkpt lat="41.866335310041904" lon="-87.66151112504303">
        <ele>180.82</ele>
      </trkpt>
      <trkpt lat="41.866041608154774" lon="-87.66150877811015">
        <ele>180.84</ele>
      </trkpt>
      <trkpt lat="41.865747990086675" lon="-87.66150634735823">
        <ele>180.85</ele>
      </trkpt>
      <trkpt lat="41.865448923781514" lon="-87.6615039166063">
        <ele>180.88</ele>
      </trkpt>
      <trkpt lat="41.86513694934547" lon="-87.661492517218">
        <ele>180.91</ele>
      </trkpt>
      <trkpt lat="41.864824974909425" lon="-87.66148103401065">
        <ele>180.94</ele>
      </trkpt>
      <trkpt lat="41.86451300047338" lon="-87.66146963462234">
        <ele>180.99</ele>
      </trkpt>
      <trkpt lat="41.864201026037335" lon="-87.66145815141499">
        <ele>181.04</ele>
      </trkpt>
      <trkpt lat="41.86388905160129" lon="-87.66144675202668">
        <ele>181.1</ele>
      </trkpt>
      <trkpt lat="41.863577077165246" lon="-87.66143526881933">
        <ele>181.17</ele>
      </trkpt>
      <trkpt lat="41.8632651027292" lon="-87.66142386943102">
        <ele>181.24</ele>
      </trkpt>
      <trkpt lat="41.86295312829316" lon="-87.66141238622367">
        <ele>181.33</ele>
      </trkpt>
      <trkpt lat="41.86264115385711" lon="-87.66140098683536">
        <ele>181.42</ele>
      </trkpt>
      <trkpt lat="41.86232917942107" lon="-87.66138950362802">
        <ele>181.52</ele>
      </trkpt>
      <trkpt lat="41.86201720498502" lon="-87.6613781042397">
        <ele>181.62</ele>
      </trkpt>
      <trkpt lat="41.86170523054898" lon="-87.66136662103236">
        <ele>181.72</ele>
      </trkpt>
      <trkpt lat="41.86139325611293" lon="-87.66135522164404">
        <ele>181.83</ele>
      </trkpt>
      <trkpt lat="41.86108128167689" lon="-87.6613437384367">
        <ele>182.05</ele>
      </trkpt>
      <trkpt lat="41.86076922342181" lon="-87.66133233904839">
        <ele>182.17</ele>
      </trkpt>
      <trkpt lat="41.86045724898577" lon="-87.66132085584104">
        <ele>182.27</ele>
      </trkpt>
      <trkpt lat="41.86014527454972" lon="-87.66130945645273">
        <ele>182.36</ele>
      </trkpt>
      <trkpt lat="41.85983330011368" lon="-87.66129797324538">
        <ele>182.44</ele>
      </trkpt>
      <trkpt lat="41.85952132567763" lon="-87.66128657385707">
        <ele>182.48</ele>
      </trkpt>
      <trkpt lat="41.85920935124159" lon="-87.66127509064972">
        <ele>182.53</ele>
      </trkpt>
      <trkpt lat="41.858897376805544" lon="-87.66126369126141">
        <ele>182.57</ele>
      </trkpt>
      <trkpt lat="41.8585854023695" lon="-87.66125220805407">
        <ele>182.59</ele>
      </trkpt>
      <trkpt lat="41.858273427933455" lon="-87.66124080866575">
        <ele>182.61</ele>
      </trkpt>
      <trkpt lat="41.857950976118445" lon="-87.66122899018228">
        <ele>182.55</ele>
      </trkpt>
      <trkpt lat="41.85795307159424" lon="-87.66081308014691">
        <ele>182.56</ele>
      </trkpt>
      <trkpt lat="41.85795516707003" lon="-87.66039717011154">
        <ele>182.56</ele>
      </trkpt>
      <trkpt lat="41.85795717872679" lon="-87.6599813438952">
        <ele>182.57</ele>
      </trkpt>
      <trkpt lat="41.857959274202585" lon="-87.65956543385983">
        <ele>182.57</ele>
      </trkpt>
      <trkpt lat="41.85796136967838" lon="-87.65914952382445">
        <ele>182.57</ele>
      </trkpt>
      <trkpt lat="41.85796346515417" lon="-87.65873369760811">
        <ele>182.58</ele>
      </trkpt>
      <trkpt lat="41.857965560629964" lon="-87.65831778757274">
        <ele>182.58</ele>
      </trkpt>
      <trkpt lat="41.85796765610576" lon="-87.65790187753737">
        <ele>182.59</ele>
      </trkpt>
      <trkpt lat="41.85796975158155" lon="-87.65748605132103">
        <ele>182.61</ele>
      </trkpt>
      <trkpt lat="41.85797184705734" lon="-87.65707014128566">
        <ele>182.62</ele>
      </trkpt>
      <trkpt lat="41.857973942533135" lon="-87.65665423125029">
        <ele>182.66</ele>
      </trkpt>
      <trkpt lat="41.85797603800893" lon="-87.65623840503395">
        <ele>182.71</ele>
      </trkpt>
      <trkpt lat="41.85797813348472" lon="-87.65582249499857">
        <ele>182.72</ele>
      </trkpt>
      <trkpt lat="41.85798014514148" lon="-87.6554065849632">
        <ele>182.73</ele>
      </trkpt>
      <trkpt lat="41.857982240617275" lon="-87.65499075874686">
        <ele>182.73</ele>
      </trkpt>
      <trkpt lat="41.85798433609307" lon="-87.65457484871149">
        <ele>182.72</ele>
      </trkpt>
      <trkpt lat="41.85798643156886" lon="-87.65415893867612">
        <ele>182.71</ele>
      </trkpt>
      <trkpt lat="41.857988527044654" lon="-87.65374311245978">
        <ele>182.69</ele>
      </trkpt>
      <trkpt lat="41.85799062252045" lon="-87.6533272024244">
        <ele>182.66</ele>
      </trkpt>
      <trkpt lat="41.85799271799624" lon="-87.65291129238904">
        <ele>182.58</ele>
      </trkpt>
      <trkpt lat="41.85799481347203" lon="-87.6524954661727">
        <ele>182.52</ele>
      </trkpt>
      <trkpt lat="41.857996908947825" lon="-87.65207955613732">
        <ele>182.48</ele>
      </trkpt>
      <trkpt lat="41.85799900442362" lon="-87.65166364610195">
        <ele>182.43</ele>
      </trkpt>
      <trkpt lat="41.85800101608038" lon="-87.65124781988561">
        <ele>182.38</ele>
      </trkpt>
      <trkpt lat="41.85800311155617" lon="-87.65083190985024">
        <ele>182.33</ele>
      </trkpt>
      <trkpt lat="41.858005207031965" lon="-87.65041599981487">
        <ele>182.27</ele>
      </trkpt>
      <trkpt lat="41.85800730250776" lon="-87.65000017359853">
        <ele>182.21</ele>
      </trkpt>
      <trkpt lat="41.85800939798355" lon="-87.64958426356316">
        <ele>182.14</ele>
      </trkpt>
      <trkpt lat="41.858011493459344" lon="-87.64916835352778">
        <ele>182.07</ele>
      </trkpt>
      <trkpt lat="41.85801358893514" lon="-87.64875252731144">
        <ele>181.99</ele>
      </trkpt>
      <trkpt lat="41.85801568441093" lon="-87.64833661727607">
        <ele>181.91</ele>
      </trkpt>
      <trkpt lat="41.85801777988672" lon="-87.64792079105973">
        <ele>181.82</ele>
      </trkpt>
      <trkpt lat="41.858019875362515" lon="-87.64750488102436">
        <ele>181.73</ele>
      </trkpt>
      <trkpt lat="41.85802197083831" lon="-87.64708897098899">
        <ele>181.63</ele>
      </trkpt>
      <trkpt lat="41.85802297666669" lon="-87.64670692384243">
        <ele>181.53</ele>
      </trkpt>
      <trkpt lat="41.85771242715418" lon="-87.64669761992991">
        <ele>181.36</ele>
      </trkpt>
      <trkpt lat="41.857401793822646" lon="-87.64668823219836">
        <ele>181.24</ele>
      </trkpt>
      <trkpt lat="41.85709124431014" lon="-87.6466788444668">
        <ele>181.13</ele>
      </trkpt>
      <trkpt lat="41.856780694797635" lon="-87.64666945673525">
        <ele>181.02</ele>
      </trkpt>
      <trkpt lat="41.85647014528513" lon="-87.6466600690037">
        <ele>180.91</ele>
      </trkpt>
      <trkpt lat="41.856159595772624" lon="-87.64665076509118">
        <ele>180.8</ele>
      </trkpt>
      <trkpt lat="41.85584904626012" lon="-87.64664137735963">
        <ele>180.69</ele>
      </trkpt>
      <trkpt lat="41.85553841292858" lon="-87.64663198962808">
        <ele>180.53</ele>
      </trkpt>
      <trkpt lat="41.855227863416076" lon="-87.64662260189652">
        <ele>180.41</ele>
      </trkpt>
      <trkpt lat="41.85491731390357" lon="-87.64661321416497">
        <ele>180.31</ele>
      </trkpt>
      <trkpt lat="41.854606764391065" lon="-87.64660382643342">
        <ele>180.21</ele>
      </trkpt>
      <trkpt lat="41.85429621487856" lon="-87.6465945225209">
        <ele>180.13</ele>
      </trkpt>
      <trkpt lat="41.8539799656719" lon="-87.64658496715128">
        <ele>180.04</ele>
      </trkpt>
      <trkpt lat="41.85395389795303" lon="-87.64692812226713">
        <ele>179.96</ele>
      </trkpt>
      <trkpt lat="41.85392783023417" lon="-87.647271361202">
        <ele>179.89</ele>
      </trkpt>
      <trkpt lat="41.85390176251531" lon="-87.64761451631784">
        <ele>179.82</ele>
      </trkpt>
      <trkpt lat="41.85387569479644" lon="-87.64795767143369">
        <ele>179.76</ele>
      </trkpt>
      <trkpt lat="41.853849962353706" lon="-87.64829697087407">
        <ele>179.69</ele>
      </trkpt>
      <trkpt lat="41.85368701815605" lon="-87.64865814708173">
        <ele>179.64</ele>
      </trkpt>
      <trkpt lat="41.8535240739584" lon="-87.6490193232894">
        <ele>179.58</ele>
      </trkpt>
      <trkpt lat="41.853361213579774" lon="-87.64938058331609">
        <ele>179.52</ele>
      </trkpt>
      <trkpt lat="41.85319826938212" lon="-87.64974175952375">
        <ele>179.46</ele>
      </trkpt>
      <trkpt lat="41.853035325184464" lon="-87.65010293573141">
        <ele>179.38</ele>
      </trkpt>
      <trkpt lat="41.85287238098681" lon="-87.6504641957581">
        <ele>179.36</ele>
      </trkpt>
      <trkpt lat="41.852710945531726" lon="-87.65082193538547">
        <ele>179.29</ele>
      </trkpt>
      <trkpt lat="41.852642968297005" lon="-87.65077197924256">
        <ele>179.25</ele>
      </trkpt>
      <trkpt lat="41.85264816507697" lon="-87.65036126598716">
        <ele>179.22</ele>
      </trkpt>
      <trkpt lat="41.85265344567597" lon="-87.64995063655078">
        <ele>179.19</ele>
      </trkpt>
      <trkpt lat="41.85265872627497" lon="-87.64954000711441">
        <ele>179.17</ele>
      </trkpt>
      <trkpt lat="41.85266392305493" lon="-87.64912937767804">
        <ele>179.16</ele>
      </trkpt>
      <trkpt lat="41.85266920365393" lon="-87.64871866442263">
        <ele>179.14</ele>
      </trkpt>
      <trkpt lat="41.85267448425293" lon="-87.64830803498626">
        <ele>179.13</ele>
      </trkpt>
      <trkpt lat="41.852679681032896" lon="-87.64789740554988">
        <ele>179.17</ele>
      </trkpt>
      <trkpt lat="41.852684961631894" lon="-87.64748677611351">
        <ele>179.17</ele>
      </trkpt>
      <trkpt lat="41.85269015841186" lon="-87.6470760628581">
        <ele>179.16</ele>
      </trkpt>
      <trkpt lat="41.85269543901086" lon="-87.64666543342173">
        <ele>179.14</ele>
      </trkpt>
      <trkpt lat="41.85270071960986" lon="-87.64625480398536">
        <ele>179.12</ele>
      </trkpt>
      <trkpt lat="41.85270591638982" lon="-87.64584417454898">
        <ele>179.1</ele>
      </trkpt>
      <trkpt lat="41.85271119698882" lon="-87.64543346129358">
        <ele>179.08</ele>
      </trkpt>
      <trkpt lat="41.85271639376879" lon="-87.6450228318572">
        <ele>179.06</ele>
      </trkpt>
      <trkpt lat="41.852721674367785" lon="-87.64461220242083">
        <ele>179.04</ele>
      </trkpt>
      <trkpt lat="41.85272695496678" lon="-87.64420157298446">
        <ele>178.96</ele>
      </trkpt>
      <trkpt lat="41.85273215174675" lon="-87.64379085972905">
        <ele>178.96</ele>
      </trkpt>
      <trkpt lat="41.85273743234575" lon="-87.64338023029268">
        <ele>178.97</ele>
      </trkpt>
      <trkpt lat="41.852742629125714" lon="-87.6429696008563">
        <ele>178.99</ele>
      </trkpt>
      <trkpt lat="41.85274790972471" lon="-87.64255897141993">
        <ele>179.03</ele>
      </trkpt>
      <trkpt lat="41.85275319032371" lon="-87.64214825816453">
        <ele>179.09</ele>
      </trkpt>
      <trkpt lat="41.85275838710368" lon="-87.64173762872815">
        <ele>179.11</ele>
      </trkpt>
      <trkpt lat="41.852763667702675" lon="-87.64132699929178">
        <ele>179.2</ele>
      </trkpt>
      <trkpt lat="41.85276886448264" lon="-87.6409163698554">
        <ele>179.27</ele>
      </trkpt>
      <trkpt lat="41.85277414508164" lon="-87.6405056566">
        <ele>179.35</ele>
      </trkpt>
      <trkpt lat="41.85277942568064" lon="-87.64009502716362">
        <ele>179.61</ele>
      </trkpt>
      <trkpt lat="41.852784622460604" lon="-87.63968439772725">
        <ele>179.89</ele>
      </trkpt>
      <trkpt lat="41.8527899030596" lon="-87.63927376829088">
        <ele>180.18</ele>
      </trkpt>
      <trkpt lat="41.85279509983957" lon="-87.63886305503547">
        <ele>180.43</ele>
      </trkpt>
      <trkpt lat="41.852800380438566" lon="-87.6384524255991">
        <ele>180.69</ele>
      </trkpt>
      <trkpt lat="41.852805661037564" lon="-87.63804179616272">
        <ele>180.88</ele>
      </trkpt>
      <trkpt lat="41.85281085781753" lon="-87.63763116672635">
        <ele>181.0</ele>
      </trkpt>
      <trkpt lat="41.852814964950085" lon="-87.63725196942687">
        <ele>181.19</ele>
      </trkpt>
      <trkpt lat="41.852808678522706" lon="-87.63685340993106">
        <ele>181.28</ele>
      </trkpt>
      <trkpt lat="41.852802308276296" lon="-87.63645485043526">
        <ele>181.32</ele>
      </trkpt>
      <trkpt lat="41.85279602184892" lon="-87.63605629093945">
        <ele>181.41</ele>
      </trkpt>
      <trkpt lat="41.85278973542154" lon="-87.63565781526268">
        <ele>181.47</ele>
      </trkpt>
      <trkpt lat="41.85278336517513" lon="-87.63525925576687">
        <ele>181.52</ele>
      </trkpt>
      <trkpt lat="41.85277707874775" lon="-87.63486069627106">
        <ele>181.55</ele>
      </trkpt>
      <trkpt lat="41.85277079232037" lon="-87.63446213677526">
        <ele>181.56</ele>
      </trkpt>
      <trkpt lat="41.85276442207396" lon="-87.63406357727945">
        <ele>181.55</ele>
      </trkpt>
      <trkpt lat="41.85275813564658" lon="-87.63366510160267">
        <ele>181.53</ele>
      </trkpt>
      <trkpt lat="41.8527518492192" lon="-87.63326654210687">
        <ele>181.48</ele>
      </trkpt>
      <trkpt lat="41.85274547897279" lon="-87.63286798261106">
        <ele>181.42</ele>
      </trkpt>
      <trkpt lat="41.852739192545414" lon="-87.63246942311525">
        <ele>181.4</ele>
      </trkpt>
      <trkpt lat="41.85273298993707" lon="-87.63208293356001">
        <ele>181.3</ele>
      </trkpt>
      <trkpt lat="41.85241841711104" lon="-87.63207488693297">
        <ele>181.18</ele>
      </trkpt>
      <trkpt lat="41.85210384428501" lon="-87.63206684030592">
        <ele>181.04</ele>
      </trkpt>
      <trkpt lat="41.85178927145898" lon="-87.63205879367888">
        <ele>180.89</ele>
      </trkpt>
      <trkpt lat="41.851474698632956" lon="-87.63205074705184">
        <ele>180.73</ele>
      </trkpt>
      <trkpt lat="41.85116012580693" lon="-87.63204261660576">
        <ele>180.54</ele>
      </trkpt>
      <trkpt lat="41.85084563679993" lon="-87.63203456997871">
        <ele>180.34</ele>
      </trkpt>
      <trkpt lat="41.850531063973904" lon="-87.63202652335167">
        <ele>180.13</ele>
      </trkpt>
      <trkpt lat="41.850216491147876" lon="-87.63201847672462">
        <ele>179.96</ele>
      </trkpt>
      <trkpt lat="41.84990191832185" lon="-87.63201043009758">
        <ele>179.82</ele>
      </trkpt>
      <trkpt lat="41.84958734549582" lon="-87.63200238347054">
        <ele>179.65</ele>
      </trkpt>
      <trkpt lat="41.84927277266979" lon="-87.63199425302446">
        <ele>179.56</ele>
      </trkpt>
      <trkpt lat="41.848958283662796" lon="-87.63198620639741">
        <ele>179.46</ele>
      </trkpt>
      <trkpt lat="41.84864371083677" lon="-87.63197815977037">
        <ele>179.36</ele>
      </trkpt>
      <trkpt lat="41.84832293540239" lon="-87.63196994550526">
        <ele>179.34</ele>
      </trkpt>
      <trkpt lat="41.84809025377035" lon="-87.63203389942646">
        <ele>179.38</ele>
      </trkpt>
      <trkpt lat="41.84785757213831" lon="-87.63209776952863">
        <ele>179.56</ele>
      </trkpt>
      <trkpt lat="41.84762396849692" lon="-87.63216197490692">
        <ele>179.85</ele>
      </trkpt>
      <trkpt lat="41.84734594076872" lon="-87.63209894299507">
        <ele>180.05</ele>
      </trkpt>
      <trkpt lat="41.84705005958676" lon="-87.63207136653364">
        <ele>180.14</ele>
      </trkpt>
      <trkpt lat="41.846754094585776" lon="-87.63204370625317">
        <ele>180.16</ele>
      </trkpt>
      <trkpt lat="41.846456956118345" lon="-87.63201596215367">
        <ele>180.39</ele>
      </trkpt>
      <trkpt lat="41.846186304464936" lon="-87.63192409649491">
        <ele>180.7</ele>
      </trkpt>
      <trkpt lat="41.845915568992496" lon="-87.63183214701712">
        <ele>180.94</ele>
      </trkpt>
      <trkpt lat="41.84564449824393" lon="-87.6317401137203">
        <ele>181.17</ele>
      </trkpt>
      <trkpt lat="41.8456441629678" lon="-87.63173994608223">
        <ele>181.28</ele>
      </trkpt>
      <trkpt lat="41.84564399532974" lon="-87.63173994608223">
        <ele>181.37</ele>
      </trkpt>
      <trkpt lat="41.8456388823688" lon="-87.63132034800947">
        <ele>181.55</ele>
      </trkpt>
      <trkpt lat="41.84563376940787" lon="-87.6309007499367">
        <ele>181.73</ele>
      </trkpt>
      <trkpt lat="41.845628656446934" lon="-87.63048115186393">
        <ele>181.88</ele>
      </trkpt>
      <trkpt lat="41.845623543486" lon="-87.63006155379117">
        <ele>182.05</ele>
      </trkpt>
      <trkpt lat="41.845618430525064" lon="-87.6296419557184">
        <ele>182.17</ele>
      </trkpt>
      <trkpt lat="41.84561331756413" lon="-87.6292222738266">
        <ele>182.3</ele>
      </trkpt>
      <trkpt lat="41.845608204603195" lon="-87.62880267575383">
        <ele>182.36</ele>
      </trkpt>
      <trkpt lat="41.84560309164226" lon="-87.62838307768106">
        <ele>182.41</ele>
      </trkpt>
      <trkpt lat="41.84559806250036" lon="-87.6279634796083">
        <ele>182.42</ele>
      </trkpt>
      <trkpt lat="41.84559294953942" lon="-87.62754388153553">
        <ele>182.41</ele>
      </trkpt>
      <trkpt lat="41.84558783657849" lon="-87.62712428346276">
        <ele>182.32</ele>
      </trkpt>
      <trkpt lat="41.845582723617554" lon="-87.62670468539">
        <ele>182.27</ele>
      </trkpt>
      <trkpt lat="41.84557761065662" lon="-87.62628508731723">
        <ele>182.2</ele>
      </trkpt>
      <trkpt lat="41.845572497695684" lon="-87.62586540542543">
        <ele>182.12</ele>
      </trkpt>
      <trkpt lat="41.84556738473475" lon="-87.62544580735266">
        <ele>182.03</ele>
      </trkpt>
      <trkpt lat="41.845562271773815" lon="-87.6250262092799">
        <ele>181.92</ele>
      </trkpt>
      <trkpt lat="41.84555715881288" lon="-87.62460661120713">
        <ele>181.76</ele>
      </trkpt>
      <trkpt lat="41.84555212967098" lon="-87.62418701313436">
        <ele>181.65</ele>
      </trkpt>
      <trkpt lat="41.84554693289101" lon="-87.6237859390676">
        <ele>181.55</ele>
      </trkpt>
      <trkpt lat="41.84523420408368" lon="-87.62377118691802">
        <ele>181.46</ele>
      </trkpt>
      <trkpt lat="41.84492147527635" lon="-87.62375643476844">
        <ele>181.37</ele>
      </trkpt>
      <trkpt lat="41.84460874646902" lon="-87.62374168261886">
        <ele>181.28</ele>
      </trkpt>
      <trkpt lat="41.84429601766169" lon="-87.62372693046927">
        <ele>181.21</ele>
      </trkpt>
      <trkpt lat="41.84398328885436" lon="-87.62371209450066">
        <ele>181.15</ele>
      </trkpt>
      <trkpt lat="41.84367056004703" lon="-87.62369734235108">
        <ele>181.1</ele>
      </trkpt>
      <trkpt lat="41.8433578312397" lon="-87.6236825902015">
        <ele>181.06</ele>
      </trkpt>
      <trkpt lat="41.84304510243237" lon="-87.62366783805192">
        <ele>181.04</ele>
      </trkpt>
      <trkpt lat="41.84273237362504" lon="-87.62365308590233">
        <ele>181.03</ele>
      </trkpt>
      <trkpt lat="41.84241964481771" lon="-87.62363833375275">
        <ele>181.03</ele>
      </trkpt>
      <trkpt lat="41.84210683219135" lon="-87.62362358160317">
        <ele>181.04</ele>
      </trkpt>
      <trkpt lat="41.84179410338402" lon="-87.62360874563456">
        <ele>181.06</ele>
      </trkpt>
      <trkpt lat="41.84148137457669" lon="-87.62359399348497">
        <ele>181.1</ele>
      </trkpt>
      <trkpt lat="41.84116864576936" lon="-87.62357924133539">
        <ele>181.14</ele>
      </trkpt>
      <trkpt lat="41.84085591696203" lon="-87.62356448918581">
        <ele>181.19</ele>
      </trkpt>
      <trkpt lat="41.8405431881547" lon="-87.62354973703623">
        <ele>181.25</ele>
      </trkpt>
      <trkpt lat="41.84023045934737" lon="-87.62353498488665">
        <ele>181.32</ele>
      </trkpt>
      <trkpt lat="41.83991773054004" lon="-87.62352023273706">
        <ele>181.38</ele>
      </trkpt>
      <trkpt lat="41.83960500173271" lon="-87.62350539676845">
        <ele>181.52</ele>
      </trkpt>
      <trkpt lat="41.83929227292538" lon="-87.62349064461887">
        <ele>181.58</ele>
      </trkpt>
      <trkpt lat="41.83897954411805" lon="-87.62347589246929">
        <ele>181.64</ele>
      </trkpt>
      <trkpt lat="41.83866681531072" lon="-87.6234611403197">
        <ele>181.7</ele>
      </trkpt>
      <trkpt lat="41.83835408650339" lon="-87.62344638817012">
        <ele>181.74</ele>
      </trkpt>
      <trkpt lat="41.838041273877025" lon="-87.62343163602054">
        <ele>181.78</ele>
      </trkpt>
      <trkpt lat="41.837728545069695" lon="-87.62341688387096">
        <ele>181.8</ele>
      </trkpt>
      <trkpt lat="41.837415816262364" lon="-87.62340204790235">
        <ele>181.82</ele>
      </trkpt>
      <trkpt lat="41.837103087455034" lon="-87.62338729575276">
        <ele>181.82</ele>
      </trkpt>
      <trkpt lat="41.836790358647704" lon="-87.62337254360318">
        <ele>181.82</ele>
      </trkpt>
      <trkpt lat="41.836477629840374" lon="-87.6233577914536">
        <ele>181.8</ele>
      </trkpt>
      <trkpt lat="41.836164901033044" lon="-87.62334303930402">
        <ele>181.77</ele>
      </trkpt>
      <trkpt lat="41.835852172225714" lon="-87.62332828715444">
        <ele>181.73</ele>
      </trkpt>
      <trkpt lat="41.835539443418384" lon="-87.62331353500485">
        <ele>181.68</ele>
      </trkpt>
      <trkpt lat="41.83522671461105" lon="-87.62329878285527">
        <ele>181.63</ele>
      </trkpt>
      <trkpt lat="41.83491398580372" lon="-87.62328394688666">
        <ele>181.57</ele>
      </trkpt>
      <trkpt lat="41.83460125699639" lon="-87.62326919473708">
        <ele>181.43</ele>
      </trkpt>
      <trkpt lat="41.83428852818906" lon="-87.6232544425875">
        <ele>181.37</ele>
      </trkpt>
      <trkpt lat="41.8339757155627" lon="-87.62323969043791">
        <ele>181.3</ele>
      </trkpt>
      <trkpt lat="41.83366298675537" lon="-87.62322493828833">
        <ele>181.24</ele>
      </trkpt>
      <trkpt lat="41.83335025794804" lon="-87.62321018613875">
        <ele>181.18</ele>
      </trkpt>
      <trkpt lat="41.83303752914071" lon="-87.62319543398917">
        <ele>181.13</ele>
      </trkpt>
      <trkpt lat="41.83272480033338" lon="-87.62318068183959">
        <ele>181.08</ele>
      </trkpt>
      <trkpt lat="41.83241207152605" lon="-87.62316584587097">
        <ele>181.04</ele>
      </trkpt>
      <trkpt lat="41.83209934271872" lon="-87.62315109372139">
        <ele>181.01</ele>
      </trkpt>
      <trkpt lat="41.83178661391139" lon="-87.62313634157181">
        <ele>180.99</ele>
      </trkpt>
      <trkpt lat="41.83147388510406" lon="-87.62312158942223">
        <ele>180.98</ele>
      </trkpt>
      <trkpt lat="41.83114095591009" lon="-87.62310599908233">
        <ele>180.98</ele>
      </trkpt>
      <trkpt lat="41.83114564977586" lon="-87.62269369326532">
        <ele>180.99</ele>
      </trkpt>
      <trkpt lat="41.83115034364164" lon="-87.62228138744831">
        <ele>181.01</ele>
      </trkpt>
      <trkpt lat="41.83115495368838" lon="-87.62187193147838">
        <ele>181.04</ele>
      </trkpt>
      <trkpt lat="41.831457540392876" lon="-87.62188006192446">
        <ele>181.07</ele>
      </trkpt>
      <trkpt lat="41.83176012709737" lon="-87.6218881085515">
        <ele>181.12</ele>
      </trkpt>
      <trkpt lat="41.83206271380186" lon="-87.62189615517855">
        <ele>181.18</ele>
      </trkpt>
      <trkpt lat="41.83236521668732" lon="-87.62190420180559">
        <ele>181.24</ele>
      </trkpt>
      <trkpt lat="41.832667803391814" lon="-87.62191233225167">
        <ele>181.31</ele>
      </trkpt>
      <trkpt lat="41.83297039009631" lon="-87.62192037887871">
        <ele>181.39</ele>
      </trkpt>
      <trkpt lat="41.8332729768008" lon="-87.62192842550576">
        <ele>181.53</ele>
      </trkpt>
      <trkpt lat="41.83357556350529" lon="-87.62193655595183">
        <ele>181.61</ele>
      </trkpt>
      <trkpt lat="41.833878150209785" lon="-87.62194460257888">
        <ele>181.68</ele>
      </trkpt>
      <trkpt lat="41.83418073691428" lon="-87.62195264920592">
        <ele>181.76</ele>
      </trkpt>
      <trkpt lat="41.83448332361877" lon="-87.621960779652">
        <ele>181.83</ele>
      </trkpt>
      <trkpt lat="41.83478582650423" lon="-87.62196882627904">
        <ele>181.89</ele>
      </trkpt>
      <trkpt lat="41.83508841320872" lon="-87.62197687290609">
        <ele>181.95</ele>
      </trkpt>
      <trkpt lat="41.835390999913216" lon="-87.62198491953313">
        <ele>182.0</ele>
      </trkpt>
      <trkpt lat="41.83569358661771" lon="-87.62199304997921">
        <ele>182.04</ele>
      </trkpt>
      <trkpt lat="41.8359961733222" lon="-87.62200109660625">
        <ele>182.08</ele>
      </trkpt>
      <trkpt lat="41.83629876002669" lon="-87.6220091432333">
        <ele>182.11</ele>
      </trkpt>
      <trkpt lat="41.836601346731186" lon="-87.62201727367938">
        <ele>182.13</ele>
      </trkpt>
      <trkpt lat="41.83690384961665" lon="-87.62202532030642">
        <ele>182.14</ele>
      </trkpt>
      <trkpt lat="41.83720643632114" lon="-87.62203336693347">
        <ele>182.14</ele>
      </trkpt>
      <trkpt lat="41.83750902302563" lon="-87.62204149737954">
        <ele>182.13</ele>
      </trkpt>
      <trkpt lat="41.837811609730124" lon="-87.62204954400659">
        <ele>182.12</ele>
      </trkpt>
      <trkpt lat="41.83811419643462" lon="-87.62205759063363">
        <ele>182.1</ele>
      </trkpt>
      <trkpt lat="41.83842692524195" lon="-87.6220659725368">
        <ele>182.06</ele>
      </trkpt>
      <trkpt lat="41.83854879811406" lon="-87.62243762612343">
        <ele>182.03</ele>
      </trkpt>
      <trkpt lat="41.83867075480521" lon="-87.62280919589102">
        <ele>181.98</ele>
      </trkpt>
      <trkpt lat="41.83879195712507" lon="-87.62317892163992">
        <ele>181.92</ele>
      </trkpt>
      <trkpt lat="41.8391046859324" lon="-87.62318956665695">
        <ele>181.86</ele>
      </trkpt>
      <trkpt lat="41.839417330920696" lon="-87.62320021167397">
        <ele>181.8</ele>
      </trkpt>
      <trkpt lat="41.839730059728026" lon="-87.623210856691">
        <ele>181.73</ele>
      </trkpt>
      <trkpt lat="41.840042704716325" lon="-87.62322150170803">
        <ele>181.6</ele>
      </trkpt>
      <trkpt lat="41.840355433523655" lon="-87.62323214672506">
        <ele>181.52</ele>
      </trkpt>
      <trkpt lat="41.84066807851195" lon="-87.62324279174209">
        <ele>181.44</ele>
      </trkpt>
      <trkpt lat="41.84098080731928" lon="-87.62325343675911">
        <ele>181.37</ele>
      </trkpt>
      <trkpt lat="41.84129345230758" lon="-87.62326408177614">
        <ele>181.3</ele>
      </trkpt>
      <trkpt lat="41.84160618111491" lon="-87.62327472679317">
        <ele>181.24</ele>
      </trkpt>
      <trkpt lat="41.84191890992224" lon="-87.62328528799117">
        <ele>181.17</ele>
      </trkpt>
      <trkpt lat="41.84223155491054" lon="-87.6232959330082">
        <ele>181.11</ele>
      </trkpt>
      <trkpt lat="41.84254428371787" lon="-87.62330657802522">
        <ele>181.05</ele>
      </trkpt>
      <trkpt lat="41.84285692870617" lon="-87.62331722304225">
        <ele>181.0</ele>
      </trkpt>
      <trkpt lat="41.8431696575135" lon="-87.62332786805928">
        <ele>180.94</ele>
      </trkpt>
      <trkpt lat="41.8434823025018" lon="-87.6233385130763">
        <ele>180.89</ele>
      </trkpt>
      <trkpt lat="41.84379503130913" lon="-87.62334915809333">
        <ele>180.84</ele>
      </trkpt>
      <trkpt lat="41.84410776011646" lon="-87.62335980311036">
        <ele>180.79</ele>
      </trkpt>
      <trkpt lat="41.844420405104756" lon="-87.62337044812739">
        <ele>180.74</ele>
      </trkpt>
      <trkpt lat="41.84473313391209" lon="-87.62338109314442">
        <ele>180.69</ele>
      </trkpt>
      <trkpt lat="41.845045778900385" lon="-87.62339165434241">
        <ele>180.65</ele>
      </trkpt>
      <trkpt lat="41.845358507707715" lon="-87.62340229935944">
        <ele>180.6</ele>
      </trkpt>
      <trkpt lat="41.84567115269601" lon="-87.62341294437647">
        <ele>180.56</ele>
      </trkpt>
      <trkpt lat="41.84599393978715" lon="-87.62342392466962">
        <ele>180.52</ele>
      </trkpt>
      <trkpt lat="41.84630583040416" lon="-87.62345074675977">
        <ele>180.48</ele>
      </trkpt>
      <trkpt lat="41.846617721021175" lon="-87.62347756884992">
        <ele>180.44</ele>
      </trkpt>
      <trkpt lat="41.84692969545722" lon="-87.62350430712104">
        <ele>180.41</ele>
      </trkpt>
      <trkpt lat="41.84724158607423" lon="-87.62353112921119">
        <ele>180.38</ele>
      </trkpt>
      <trkpt lat="41.847553476691246" lon="-87.62355795130134">
        <ele>180.26</ele>
      </trkpt>
      <trkpt lat="41.84786796569824" lon="-87.62358494102955">
        <ele>180.09</ele>
      </trkpt>
      <trkpt lat="41.84817331843078" lon="-87.62359474785626">
        <ele>180.21</ele>
      </trkpt>
      <trkpt lat="41.84847867116332" lon="-87.62360447086394">
        <ele>180.38</ele>
      </trkpt>
      <trkpt lat="41.84878402389586" lon="-87.62361427769065">
        <ele>180.43</ele>
      </trkpt>
      <trkpt lat="41.8490893766284" lon="-87.62362408451736">
        <ele>180.47</ele>
      </trkpt>
      <trkpt lat="41.84939472936094" lon="-87.62363380752504">
        <ele>180.5</ele>
      </trkpt>
      <trkpt lat="41.84970008209348" lon="-87.62364361435175">
        <ele>180.54</ele>
      </trkpt>
      <trkpt lat="41.850005434826016" lon="-87.62365333735943">
        <ele>180.57</ele>
      </trkpt>
      <trkpt lat="41.850310787558556" lon="-87.62366314418614">
        <ele>180.61</ele>
      </trkpt>
      <trkpt lat="41.850616140291095" lon="-87.62367286719382">
        <ele>180.65</ele>
      </trkpt>
      <trkpt lat="41.850921493023634" lon="-87.62368267402053">
        <ele>180.68</ele>
      </trkpt>
      <trkpt lat="41.851226929575205" lon="-87.62369248084724">
        <ele>180.71</ele>
      </trkpt>
      <trkpt lat="41.851532282307744" lon="-87.62370220385492">
        <ele>180.74</ele>
      </trkpt>
      <trkpt lat="41.85183763504028" lon="-87.62371201068163">
        <ele>180.76</ele>
      </trkpt>
      <trkpt lat="41.852148938924074" lon="-87.6237219851464">
        <ele>180.78</ele>
      </trkpt>
      <trkpt lat="41.852460745722055" lon="-87.62372818775475">
        <ele>180.8</ele>
      </trkpt>
      <trkpt lat="41.85277255252004" lon="-87.6237343903631">
        <ele>180.82</ele>
      </trkpt>
      <trkpt lat="41.85308435931802" lon="-87.62374059297144">
        <ele>180.84</ele>
      </trkpt>
      <trkpt lat="41.85339608229697" lon="-87.62374679557979">
        <ele>180.86</ele>
      </trkpt>
      <trkpt lat="41.85370788909495" lon="-87.62375299818814">
        <ele>180.88</ele>
      </trkpt>
      <trkpt lat="41.85401969589293" lon="-87.62375928461552">
        <ele>180.9</ele>
      </trkpt>
      <trkpt lat="41.85433150269091" lon="-87.62376548722386">
        <ele>180.92</ele>
      </trkpt>
      <trkpt lat="41.85464322566986" lon="-87.62377168983221">
        <ele>180.95</ele>
      </trkpt>
      <trkpt lat="41.85495503246784" lon="-87.62377789244056">
        <ele>180.98</ele>
      </trkpt>
      <trkpt lat="41.85526683926582" lon="-87.6237840950489">
        <ele>181.02</ele>
      </trkpt>
      <trkpt lat="41.855578646063805" lon="-87.62379029765725">
        <ele>181.06</ele>
      </trkpt>
      <trkpt lat="41.855890452861786" lon="-87.6237965002656">
        <ele>181.12</ele>
      </trkpt>
      <trkpt lat="41.856202175840735" lon="-87.62380278669298">
        <ele>181.18</ele>
      </trkpt>
      <trkpt lat="41.85651398263872" lon="-87.62380898930132">
        <ele>181.25</ele>
      </trkpt>
      <trkpt lat="41.8568257894367" lon="-87.62381519190967">
        <ele>181.33</ele>
      </trkpt>
      <trkpt lat="41.85713759623468" lon="-87.62382139451802">
        <ele>181.42</ele>
      </trkpt>
      <trkpt lat="41.85744931921363" lon="-87.62382759712636">
        <ele>181.51</ele>
      </trkpt>
      <trkpt lat="41.85776112601161" lon="-87.62383379973471">
        <ele>181.62</ele>
      </trkpt>
      <trkpt lat="41.85807293280959" lon="-87.62384000234306">
        <ele>181.75</ele>
      </trkpt>
      <trkpt lat="41.85838473960757" lon="-87.62384628877044">
        <ele>181.9</ele>
      </trkpt>
      <trkpt lat="41.85869646258652" lon="-87.62385249137878">
        <ele>182.0</ele>
      </trkpt>
      <trkpt lat="41.8590082693845" lon="-87.62385869398713">
        <ele>182.1</ele>
      </trkpt>
      <trkpt lat="41.859320076182485" lon="-87.62386489659548">
        <ele>182.19</ele>
      </trkpt>
      <trkpt lat="41.859631882980466" lon="-87.62387109920382">
        <ele>182.28</ele>
      </trkpt>
      <trkpt lat="41.85994368977845" lon="-87.62387730181217">
        <ele>182.36</ele>
      </trkpt>
      <trkpt lat="41.8602554127574" lon="-87.62388350442052">
        <ele>182.47</ele>
      </trkpt>
      <trkpt lat="41.86056721955538" lon="-87.6238897908479">
        <ele>182.5</ele>
      </trkpt>
      <trkpt lat="41.86087902635336" lon="-87.62389599345624">
        <ele>182.51</ele>
      </trkpt>
      <trkpt lat="41.86119083315134" lon="-87.62390219606459">
        <ele>182.49</ele>
      </trkpt>
      <trkpt lat="41.86150255613029" lon="-87.62390839867294">
        <ele>182.41</ele>
      </trkpt>
      <trkpt lat="41.86181436292827" lon="-87.62391460128129">
        <ele>182.34</ele>
      </trkpt>
      <trkpt lat="41.86212616972625" lon="-87.62392080388963">
        <ele>182.28</ele>
      </trkpt>
      <trkpt lat="41.862437976524234" lon="-87.62392700649798">
        <ele>182.2</ele>
      </trkpt>
      <trkpt lat="41.862749783322215" lon="-87.62393329292536">
        <ele>182.1</ele>
      </trkpt>
      <trkpt lat="41.863061506301165" lon="-87.6239394955337">
        <ele>181.99</ele>
      </trkpt>
      <trkpt lat="41.863373313099146" lon="-87.62394569814205">
        <ele>181.86</ele>
      </trkpt>
      <trkpt lat="41.86368511989713" lon="-87.6239519007504">
        <ele>181.72</ele>
      </trkpt>
      <trkpt lat="41.86399692669511" lon="-87.62395810335875">
        <ele>181.52</ele>
      </trkpt>
      <trkpt lat="41.86430864967406" lon="-87.62396430596709">
        <ele>181.35</ele>
      </trkpt>
      <trkpt lat="41.86462045647204" lon="-87.62397059239447">
        <ele>181.21</ele>
      </trkpt>
      <trkpt lat="41.86493226327002" lon="-87.62397679500282">
        <ele>181.07</ele>
      </trkpt>
      <trkpt lat="41.865244070068" lon="-87.62398299761117">
        <ele>180.94</ele>
      </trkpt>
      <trkpt lat="41.86555587686598" lon="-87.62398920021951">
        <ele>180.81</ele>
      </trkpt>
      <trkpt lat="41.86586759984493" lon="-87.62399540282786">
        <ele>180.7</ele>
      </trkpt>
      <trkpt lat="41.866179406642914" lon="-87.6240016054362">
        <ele>180.57</ele>
      </trkpt>
      <trkpt lat="41.866491213440895" lon="-87.62400780804455">
        <ele>180.5</ele>
      </trkpt>
      <trkpt lat="41.866803020238876" lon="-87.62401409447193">
        <ele>180.48</ele>
      </trkpt>
      <trkpt lat="41.867114743217826" lon="-87.62402029708028">
        <ele>180.51</ele>
      </trkpt>
      <trkpt lat="41.867447923868895" lon="-87.62402691878378">
        <ele>180.59</ele>
      </trkpt>
      <trkpt lat="41.86747130937874" lon="-87.62364730238914">
        <ele>180.77</ele>
      </trkpt>
      <trkpt lat="41.86749477870762" lon="-87.6232676859945">
        <ele>180.88</ele>
      </trkpt>
      <trkpt lat="41.86751816421747" lon="-87.62288798578084">
        <ele>181.08</ele>
      </trkpt>
      <trkpt lat="41.86754154972732" lon="-87.6225083693862">
        <ele>181.21</ele>
      </trkpt>
      <trkpt lat="41.86756493523717" lon="-87.62212866917253">
        <ele>181.36</ele>
      </trkpt>
      <trkpt lat="41.86758832074702" lon="-87.62174905277789">
        <ele>181.53</ele>
      </trkpt>
      <trkpt lat="41.86761170625687" lon="-87.62136943638325">
        <ele>181.73</ele>
      </trkpt>
      <trkpt lat="41.867635091766715" lon="-87.62098973616958">
        <ele>181.96</ele>
      </trkpt>
      <trkpt lat="41.86765797436237" lon="-87.62061799876392">
        <ele>182.3</ele>
      </trkpt>
      <trkpt lat="41.86794656328857" lon="-87.62060458771884">
        <ele>182.51</ele>
      </trkpt>
      <trkpt lat="41.868235152214766" lon="-87.62059117667377">
        <ele>182.75</ele>
      </trkpt>
      <trkpt lat="41.86852374114096" lon="-87.6205777656287">
        <ele>182.98</ele>
      </trkpt>
      <trkpt lat="41.86881233006716" lon="-87.62056435458362">
        <ele>183.27</ele>
      </trkpt>
      <trkpt lat="41.869100918993354" lon="-87.62055094353855">
        <ele>183.4</ele>
      </trkpt>
      <trkpt lat="41.86938950791955" lon="-87.62053753249347">
        <ele>183.48</ele>
      </trkpt>
      <trkpt lat="41.869679940864444" lon="-87.62052395381033">
        <ele>183.53</ele>
      </trkpt>
    </trkseg>
  </trk>
</gpx>
